counter,status,resp_time,value_first
0,Good,39.746,Tmje2J3TRcCUpqsB7atVXeLbHK2o3WkL7oyKVjJ8R54PhwXnBmsyqxZHXqRNZ432XBgpSvDcmNMhREP
1,Good,27.315,56UC7fdjSx3yqW7c32HgUnKXY8VtMhzZ4wc2Ror73F8fXms5knQRjSJpUGePgmU8YvjdmByXuEZFBVm
2,Good,26.751,QpzPK9gVG6bKWeQP8wFSVn5PZ36bGDXHkfQxETw2Hb6QCh8wxBJXe7gDSG5cLdUF8P4sJvedKL9WD4H
3,Good,26.301,QYLWFNyEoKUL3HkNg9oXWsqrTzUvZ3sY8qKPkeGXAtkoufwSy2CcpY48BTNRmpML7Vf6XH3QUq8sLhP
4,Good,30.558,Cr9NZRJ8prMX4njBvk6xNqVHu6yan2UowTHFAZyUQzKoYwWsZJGkzPdS3fMJNDVCGUa5vLFrgWfqs7j
5,Good,35.047,AWm6v2NDzYATKkcWv4x8gkvQP3EXQHt4kLE3zjSgKJqeDYFCtx8Kbuzqv3wzxuRYjX4CPq9ZnhsyqRN
6,Good,25.388,qZ8G4abv3GnsKvUEB2MKTqBkbyw7avkRnNQ5CEcd9QGaPUfc7HSjvQXt7fbkodUGfVE7YC6XsLDhjVG
7,Good,26.064,aTst9VzYPemnQXwy3AFsD8g34Xo7VGsTyrdRbHzV7PQmt4nbPfYFqMbuyzmr4DHvSwh4fWtKxFsSRKc
8,Good,26.852,BY4GombBYzstWGypj9ozWRDxr6anFdw5ZLXcJDdMxoGbnQ5capgnCy4fM7NnQjMYKkLqw2oDQKjcLrm
9,Good,26.275,pmAhPvdTtw9HWFUbuAmNCdZywUEpSKZJrAwRQxfTZGKxC2m5dWbBHksboPFnj8pEfLdyrsESp8R7bux
10,Good,27.856,UReYVyMQUnXbJVpM4ovJDjemn4dRXkh3d947FedbtNuLS78quaJKV6u4vaV63tDepVuPxHSrTVtaU7e
11,Good,24.625,hDmBw8MZarJFDbsRGK8DyfSYFguaB7cvxKthnU3zo9RNh8QtLP6N5bCvN5QuXdNS3sJowRHZefAKghd
12,Good,23.858,rGLw6PexW9ZzU2WqkpKSjUXZ4AMz2YWqMo5uG4JNgn3doarUATNMPXsmWCNT8ekCKHNa5dvAEBqeFuA
13,Good,26.722,UgYcC85wG9VnedxBcJWeQ8GwPup94zZvhYzdxSGBdkFAhoKy9DShqxNPwMH5z6E7go2XbuceqNLBy4A
14,Good,25.402,7gZT2vtEeXfc6eVy9b4nFgLU5sckgeNbkcRxQJq8FHfVbEJWmDTb3GfzBkCw83QdvBEeMu7HaDwjRYU
15,Good,24.730,vD3He9G4abudFWqUfAz7ULsw6xT5fAPekmQS65Y2aRXxwoebyTdha3KVjLx84bf9etZBjFhctbZGAoc
16,Good,25.788,XMbYNptQ5GKX8EVxyQz2gcdwyjranDBqQnpE4oRkyKqufvQpB7mTCh5rpn7SmzCHraps5mhRsSwBTbv
17,Good,24.103,rbRjyDzxbYUQawhmWEqUpzxSTfZ5kh8zog5w3VxpbjtRsoazkuKeXwZuSfgZ4N3cm2utAR3EGghoETz
18,Good,24.028,gRshjEK3RNLXVr6xT5D9V7PzjBLTcrzH3bDKGWaQkuCaySFrU3QujCs9DhxfVQbP2nwrhFVd7ZtsFmW
19,Good,24.657,zXE2eKw8EQNMWqTmnCah6EBTLwdUcAwRDKEp3qVkpbaGUQMA7HS6JwdzmKj5t7YEnHgquWF8djMzgSc
20,Good,25.677,6EbGajsRMUAYN9VHRQ8XMzpKeSwd76pSDFWRJdjStNRrJKfUDLozcEYSmHwNuPXVGK392GuYEDFa3wJ
21,Good,26.354,QdThpoGxe5EMDykuAVBKsfaY8Wbp2Pca6nw5xZgvB78RGrgqvCboXsD5jTMb6QanZBp6kwPHuhKRQxu
22,Good,23.692,UhyfxUuVeyzLhCxvQeg4f6TsXc2ePzthZa96yQ4a9ATYpd5J2CXWa3MF6RmnTkVxcYUR3pSkcf6AUs9
23,Good,24.663,fgUVRNo6qpJBomTp8DUrof9uwFBtdogmXGAjrQPMqSzKFtqyCAZx4Wfah57KeJZQdTb8rxHBWpyCZV5
24,Good,25.272,5jdUeST3jCgbakHhy2EfuSrYF6QdRX7bmHNF7aJ5UNkx8JS7c6oVEn2NjCxmLvkAy89Ut4nXy8dxS7G
25,Good,25.374,BkQ7ZSdgUaMe5oRDqGAY36yRba2B5hE4zyDsEPv8c6H3zC6TWGAMHTvud8ZcmuWTpFjg9aV5ZY9qXm5
26,Good,25.020,mLcYrqxVGKuvjpR4DubU97v6sYaDP5Jf8DGcB92rsZj3KP2DYpMnNrc9SXR2PyraHTz7RaUGNVMJfQy
27,Good,23.811,SMoJkCrnJY5bx8AwPoJ6a4vsSWayEDbMhoN3Rs6dpUx4EFu98JHRNPp9UNrhyXWvZjVWaMbujG2nMmW
28,Good,24.444,kYbgPQosNLDfGuXPSTry36uaS7f9DLFG7qr8yfztXQWZ5C3eQKGonBPRtqJ98YKEpRcwA8JheD6gk4F
29,Good,25.334,xrtFBLsJ6AoLykV9rgX2EsW3broKG2w4T7uZ2Y3fDwoaVx6fkEx7zoWpMtAeu4vY5SzhyHdVwSD5gnv
30,Good,24.313,7F2hBA5pnJxoYKWvL68ps4SRpXwPRKX4B389JafmtF2wTQzxYfumxDwj3nNpYcv5mfMXuYV6mBhd3Eg
31,Good,26.200,EQc5KFvuGjeHvU6tNFGcTf5EpbcPD6NGFWoRfHvYhVjKgr3HUdQbWXYgVQsngrKWXBYpNFTr47tghU5
32,Good,25.031,EbXw9fD4BXunVcps35B6SHgsYnXdo3hyAs4N8SJ3gZTPHXW7gFCfEpaQHZegt2DecBud4m3CtrPLKeA
33,Good,25.343,nJ5TgwPajgvFb7RrcGCKwfZLytzg4Pav5zrjU9huTw2qDymQRFyG5zmdHsDY3qTPpCa94vCkSdtgu4N
34,Good,24.476,CKkDHjzUmfhQzpeVbKT5wxuRCgSpPtCMrnzp8eJBhH7QoTkALrQWzvECgoWvfDJUCbnme6Sots5kCB6
35,Good,24.247,D3zUpBM4k7nwCsN7a62YJZeX67P2uREL8TrHRFfQJE3FqNHotaxS2R6VE3eaZvtPsGCH94v2VD6gN24
36,Good,25.261,a3T8fKD3YQTJZSdFLBE5mp2APR7JQ42LAB4HQR9dEWZJuRvymbxN7R3FtJWaPSGk75tEoHkdxM2DCRs
37,Good,24.993,Hg8TS6GwPfMCwWjrYEZ7rFJzV3kMKf3y4dAeF4JDdncy5oXYETx3Zby7CfjD9UN43hMSKYQ2okeW86y
38,Good,24.875,FnBEtzfSJDqhm7JoCeru9MyNeWK7QmptToD6dUNrweYA4XBJmb5Va8FZL2NcV3aAyP74MJrSA7dxyTG
39,Good,24.305,QtJyPXanNHePzwoJU8xEXYqyBZdcqhyXZwgcNYnMjbvu27bpvZh8kwLsBthR8QPtfZUzKACMQnjtmsF
40,Good,25.334,hxmMSctBkEY3DxshAEc78SV4jxdNbzYcVsmfzKGJfvpmjQx4XpvAjfRTsoQNXB9YrEGBYNTyvhN89TD
41,Good,32.153,CpJyTFDXUnT6j8bCqvNoMUCP43hdmUXtje6WbuSAwDj4pdhgm7dBF9yVGjZMehuAQjWECFk5cMzJthZ
42,Good,27.493,fzYahqB6Vv5EJUYcf3NLoDnxuR8foqQph5JjzSpKFMbapB9qgKuv8gbNjqRrYEpjZQ4pjgAzKWEQ9Dc
43,Good,24.493,UWBeQYDszmZYrA4oN6FKQzXwrQLdRCArTHtb3S9RpGK2TQ7CUVJGKHcxJ2NhYr2JMA67xeHqcy9NKPF
44,Good,27.734,hgQt48BucAakUn4STu2MgW59GcsuhLFmwjAbR9vzydwBSx7Yj5h9V3y42hBsYxU9ounaBU9WCj4qTeU
45,Good,26.984,sHdCxYtgrFenkqpztAMSTsdVzMtpG9UJaFR7U8McgNtYoCT28xMaugbRLA2kGKdFkX4YB9xveu7M9rV
46,Good,25.849,sno3GMwUEueBLNEhdJWUGq5PtJZqE9MUKHqJ9bT3AFvBbWRsThfa4CU82co4YpfyzD62UJ5ANqg3wXr
47,Good,24.098,BNVkAupHN4C8DabdRGh9pfkuKPTeJHrzqa9R8WeQwavYmo8vpVy4qAQCeWmEvVyMtBdAJMcZtExWgkU
48,Good,24.899,TcE3MKCkrE8mkYcQy89VLCfU8qvJr6EWVLGh7KHrsLCAJMS9D3YUGzpyD46RqfQCSHRmCFyoc2TxdJo
49,Good,25.281,FVaYbpCGjqFg72NeRAZmEzg3qKcrCDApoVcN3PxqpQHf9sKF7HNBRkzj83oNCc6MN2BCGLxXZjWraTk
50,Good,25.703,hyAeg2qEA6hazY8pdxh4kr2A4ZhWbcfnBpyowFGfdRQEGPSFgj7Dz8AdnaHrhcCwysJAqbWGam64pHc
51,Good,25.789,CruJokjY42dvwruZNGpnU8r3zDkXWs8ovmkhbKqL4Cu2RBf32DASj9LBSevwZC8xnhMCJRAr7BzfEjy
52,Good,23.768,NnstbpgqzWKtQkH6mVCkgwWz79qugM6hP2gNUFL6SbUGqCdkRjTvJZQ3vcSz6TKPLBsjrSQ2pPVCsQ6
53,Good,25.044,2VUukRqeazrv6NLpfcQ7a8BnypVtFZSJHdrzSMnYFa7ZTfeA43cQDaXTGvmUkBhgnaeUWBQngUfDNeH
54,Good,30.084,h83uxcEPrNJQhkuvZbdEpNPxGadBLJsErM9HUbqk7TsArpucToFh8wNMBDEZ3pDNcWufDSNxscTuFar
55,Good,24.304,kNuVmYy4tCfmvSnwxKkm2e7dcp4naXBjDuHFTnscG3pQckvrupFnUQ36dMbWBEsgeq2JumSP9DHJtnW
56,Good,31.485,rgTmFtBwqZ8RbgMmjtG6v5fsUu6SpPwCf8XdQyUbSZEXQ5TjmfqwXZR2HS8CoeqtngVq6aLRCV24Bu8
57,Good,25.413,LDR3hpCXanjdwPe6ny4SvKjgWNSrFJ5cW82QtAxqgosbR8jk2Rq4BdteVWUSsFGZQoq3xFmNezEFuht
58,Good,30.744,rSBDHsgBS73X4EsDVQGB9cF6zmXQZLr3Ect9QDS2WTyS8WxJrStHVAkBwM5nCfqpA9PUWACtdnsx7dP
59,Good,24.668,zk39Thd5wGjBo3DGadfhp9awPDJuyqtwfWyZmrBNkT3a4K2y5UWmaLDdPutVU4Fgtm8rHDv7NM6LxP4
60,Good,32.164,98kxrbRLyw7vVbeXgrLjGA6Jy7kQMTfKwPyzCBvtyPjTRqhJF5pcA28po3u2A8fQvFnpVf6YyRuVzhR
61,Good,24.627,FLKSeDvsSfGRak8JoXjWPZbGyKz6kg9SBdjchDsuWfbcoBd2AWZbPzusLq46vr9HZFYpEU2kAs8cxp6
62,Good,31.349,2HYomeWnHZDkctqNAfMebNFTu7DKqoBhSP3npsNcYKMszr5fW8zMvRoCF3aL7dX3CKewjUx9BCD4jQJ
63,Good,25.241,u4pgnEvCJPW5Q9uCsBwecxgVQHw6zuBKwmR4A6EsFjvTAhfuUQR7yqkWUSeyMXGnrzBv7DZ4BNVqmBj
64,Good,30.753,AhcKv5xqMwv24qGzJfgw8LXbkBJCudy64NanVkYFMvts4VZypzgcApMkfVFKCtBRy8pPcdhGbkLapgQ
65,Good,25.262,jL3U7oAJgXqfhnrGSYKEAw28SPweXrCdNMaeW2rCT7FsoEaerhUD6v4CszevVLSMtarGvDHpnJW9pHf
66,Good,30.998,WDPk9nZrvEVqJY9hkwKRPACkumBnTP2NgH6erxhE4bTyLckPvne5QEyPhX2xqHYycbmQDC48mfXwqMZ
67,Good,24.615,eRHGSv4TWqNdPn4JZyAcrRweqLjs8yFDPLVgd54VrkJ43f92dxZzem8NsnrXYLEaw3VFhWjM4wojyGU
68,Good,30.531,pekzD5Qb7ZaHrsDeWUtTzqAmNFT9vwt3NjLWcR2XdEwjKyk6MtKCTBDWnxbC65TxRvHrQBpynHJMfvY
69,Good,25.375,EPTF56XtVs63Q7DdGKgFbdGnmHZeWVL4AQ3e2w5aKthofy3csh9vJmxTQUt3WjqV7wmStKB9hFSf7Bo
70,Good,29.333,HdzwrMhgR3WGQdP65JogSRjbm83NnKWD9krLpUvy3NHwuAZWzxbPjLhMPjodrADQ4ftKXxpEJwrmgfW
71,Good,23.694,AZ2NoQzWJpL7BhATpRg98Q43e6jzsCHVpJnY7Zbke3uKUf2PnRAJ9FB8VHUReanCkA26VQxdEesg9DU
72,Good,28.233,uFdNDPrz2eKbCEGfHYoVP8zHuoWXBCQVJ394Y6FSTEuXo8z27SfWNwQbZ36zc5G4MHnQ9s7ouWXA4fD
73,Good,24.686,znZTNQUJLgfZG8Pey76zKeGy2fBDVbqRQja3ZfHjU4AB3aHoBm69b4LYXxHWdK7ar9NpXDFZskLNxyn
74,Good,27.683,RaQsAbDYgeJQts9MJA6wZD3HWxVvZWNQd8LqvWeAHBoyX3zcFKVoGT7h5CsKX93UdPuweXnZvBYD986
75,Good,24.879,f57kP9MvFcJjV3wnCouBfekv9uYcqxNuoTBA82QGhkrquhKneYa9rMNAqfwUFGJTBovZ69yEXzSCorW
76,Good,27.259,k9jpavHh9kyKfBgXHxpvkKrwxceopqEXuhYKNTByvtuAHecY9xwoFgraRv28Qc4SfbZ7nXKxvyA2Yrp
77,Good,25.341,EWHextybgHhEsMYdnzNycTCN7SVZCyL26Mejkt8nzXUV4fFeHmNfoCckvgGHFt32QM9DcQN9EqzDuP4
78,Good,26.243,ALGcNaurzQjpZecKAbBLUWheE6tLx56CRHXzotHXQcJV4QzCV4xzu5sVRBfCUomJXEUVr3wEZKqXUuh
79,Good,24.287,uvfWN2AQjp8CGvtP5YJKWBRrwkmNVjpyRbd6TsetYwLJHNMVmyAra6YtQoZYn59AJupRw6L4ZvhzHjX
80,Good,26.039,C5Q4VwUQqHyEYp6XCUnbcgojMzZxo7Nyxe3qvbZcweS52ksK8wkxhWTJ74bs5AQ4vmkhN9qCWpUPrnp
81,Good,24.733,aEJrU6C3DUVxnXv4YHmWwE9H8pKWPGk5Y63G9HfMT3kYya2SC6pGRrXVFBtpvqn7taYqep4RkZD4cjT
82,Good,25.799,w9zGFoAz3cyM2RcHovPZmsFD4cLEGkmYfLbypzFjRoXyeYT6z7KRtCLxu2sjcqFBS8GYTCabqD7wvLu
83,Good,24.509,geCNSt6FzDHWVnAtL7RmVdZeD8VSr67JcyLDdZBHDP2y7DgHdLAmsNuftxJGLN2wxpHuwMUVRJcNYxp
84,Good,24.968,vX2tSkZoFbYtNLwhbxvfk7HohyzWVeJqv8hFZ7bBANRgckKQ8zCHVbvFAQkBGNEzvcPpXjW74XAWQME
85,Good,24.575,Mfhuv6R7BsMF9YkwKmS6ygUnaBsVNKWhToRnNCFPaMYSLhHCYkv6RqAZJdfgmxzfqu5CK6jLrYU6Pck
86,Good,25.252,edxUSZ3Hwra58E49MZuWx9ds3Y8L9QxaNtEDK2vyXRn4vCWuG95U6DZ5Sbs9yEcuQHWjetnJ8NLxFn6
87,Good,24.339,7PMtgdDqKrtJnjQpayf6AW5DGMscQjab26XjTJ7kht9YVWokcaSb73xdW28qbchMGYtDQNq8ZwL6ouz
88,Good,24.442,oWaVNdQ5EW4qKanVzFsTGCuUQxSXZKtvPT4qQHknodMjVeg5UPYk3XAGw9cLXZoYB7ZcsXQHf4Ttyez
89,Good,25.285,hMWu5snFLV98xMnqBkVYHy9v8Nm6hQnLuR5godjyZoRQ5wUV9JEgu6p2FPwsU2Ra5tpyxunPKjHq7N4
90,Good,25.842,b9nSRepCSd6rCEvXRYrcusDrMJcVG7XutJGYmZ4qMhw6CPEbswda6EHBMqLJvtpTCNJAFD2CzHYNaPR
91,Good,32.460,758LosPV3dkvXgxjS7mYLDjK5ebaPc7BYDUyvzoeMmdPYjm9Gg8drhszYANw4nBot9cQ8wbTFMjVvU3
92,Good,27.355,JHspAZSoeWGxvYERCVYP7xKVushg64f9wjLdPFX7Z3pr7GJNZUvGK5ephF7ZMRPdESq2zKJoAYSpCua
93,Good,24.479,uv4CmVxEWmDtwWprMRTSLEUXnF7BVva8SPcpYkK9VGNtDq3BmTdczgAZtrQpCXBWoeGLCwpJTz8FnR7
94,Good,25.235,9z3WU9pu32LCyQGXtgPBD7pUhFPQ6BXmM94TjVKptkjLV9fB3eyhnCKwNtZyzdhWxYXjSbWd8jhMWZf
95,Good,25.377,tq45PxTVNUfKRqTQtJcnZ3vKB5FpJjCfdYgqJvH5wKkrfUmLvHQTJjz4s3TrnLoSAq3HmukXVsmLcdk
96,Good,24.090,WuxUYhCf3yb9XtnV4KzNgLX5KobeWGtDL2o8hecUYgsA3jaNxRXmF7LX4KuGgJFXxfpwXqfyAbWMRDA
97,Good,26.799,PjyqrbeC9Dm4n2eKm6LVwbQc2g5QpE7fgne9HuUoFCGuby28rPvm6gTVyJgQW4GEVAWeBzkfQCZJrYs
98,Good,25.286,f2LS3hZkbRnYyfzZ3R8ogtJfq9TG7opMCue6UBgLHq3t6TfLbYVwsok4PSnxmeMwvF57Vmbo6CANZGc
99,Good,24.650,Q8vnYJ5oBRQ76mpdocsPyqSjeyBf25EYmug6dA4PprcR9wsqQYBHD6FhYx32JWKhUzGJbxAKNBjrFPy
100,Good,26.207,g3ykXFo2BZmLunvsMCUohKzux7hatsJRaokpsAGzoPtxrewkgryvqsXCDvZgMHTRVtFWLDcCMx46G7a
101,Good,24.093,Rmf6a7PgZ3GCB6N3z5vWK2xYoBPKqAV4uoSVEt2L5FfZDvpEGtWHCTjfK26WBqCbPemZREHSnc4hex7
102,Good,24.597,AftCwQ9bd3aoMZPfDraNxzSZpBLXZ6xAKVJPmZgyc9Cb257zqYZp5FJPUWuEmCgDnoCFSaR4YU2P7xG
103,Good,25.632,P7YeR9ZXJ7o8R2enxBv87x6UTNyvAPbBJSskF2HC5KrRDSJP2fTE4wZBEMDpjmHsM6GhvBrJo6BnPC5
104,Good,24.219,Lh86GCQtUFDHngfoRuv7zDj43xtXTgyGtwdvHKAxwRej6ySA4Nr5WJ6krUvjxasJenRwyQvnXT3xhbS
105,Good,24.925,4CfvdLDHNZXKPMDesEvWH8KR9BtyJo2Y5ajZYmypv8sjc4yZMNuDWeJUTEveuUTdEb78cMLgYyATNp8
106,Good,24.992,YzXLWDBJMnwPrLHRV5J7fQ8sMpeHvX4FSHZn3tDpU8MTg3QarZJxUA3o8rh3Xxsr6jvdYmzcMRuYovP
107,Good,26.428,jaeqgbsJEFMZCj5kxwYmuhoMk8rspxfJ8NyHn6t5qFfvYn85C24zxc6dBaZSpREWbLzc5btqyjEtvpQ
108,Good,25.309,zqxyJwAZPyGMwaE5RB9DuZFEdq3S4acTeWMGPvzpRog24A79Ggw5yZDrfXtVMuUGhD4zNErugNkYp6T
109,Good,25.799,WA3TfKUSZEy3wvXEmYDpd73JqWMhfJjW2QepEwWPtC29UobRYcQ2q5XZWoC2R4HSaG3Zfk8SPo4BJWr
110,Good,24.674,yQaw7YRhewX3mBYyZXoV7Tmto4ukAU6gHk4AyGnfeJPApLa6Ju2xaMuXw4vgpdQPeXNyTvezjZ3EhoL
111,Good,25.408,usKdyqA8LZ3XUWe7SFsaoGBm4CK5VnyfcxCFKQqAaDjRkLYa74ZnqgkveEnBwCux3r4M6bunq8LTvhU
112,Good,24.522,YA7mjoZfVduSownJetoVzCStxG3zvBVNPnL4CRWMoAagY3mAyZ7ngp3HbupqjbYEZJaekqW9oYRTQsA
113,Good,25.095,Aakd4AKj6Wwk8QEKa5CPxdDsmWMFjA4b2wxUgLfp2YTbHWnKVRmDfX23wD95bUsLunPYWXZLMQc8zYp
114,Good,24.956,RGhLqzD7soKqrzSwZYqHgkncHy2UA9BgFNakRubZCBFDYvKjoSsf5rgAMnswLoXTj8xF2oKkbCuch7q
115,Good,24.327,q4vz7RYTuMLaZ9nA8tqcAs7kR6XWSF4XCuPZ9KkEYwhqy8KMduN3CFqVB6cyEfDWPXmhtf26TKCkGgY
116,Good,25.396,n9uXjopZ5JcKsPx7MR8HeUDRWZQAVXJRLfvaxjRAKMwWcbeVX36HGYS5cBKYoEf9MLbWJmA7Tgrx43p
117,Good,25.755,5GpqfRXvdG9CPjJkEQ5LCrW4UCjTAQHNGRWgvHjPmbGEgMrQn6jwrZMuvVcqDvN857Mky6pjSWHVCXU
118,Good,24.949,SF63exPUfngoy9R6gmEKA2wNy9X5uRcKmFWZRrt46DJ7qxHhPFzcmTHNopy2ZvVEdN34fR5VQDGsygB
119,Good,25.375,BqJrMhVuNW5xRXMu28HReMunCJEtRQbpeLBVtDmuJhE74emyWuMBeK6hMpdFVm3AseNDpXV7Hxtgj45
120,Good,42.415,fCwokeJKQE5VkvsyNcXMEtbVfxecULrTfoe3t5g9JYRpkgQSfhcGCVbSUTEP9qyDXk7RzET6XCpcvu8
121,Good,25.937,RsqjDwyaheuwYsVpTus9HzjXAENqPzbyUHsx5EMpuDE6PMSE9jH2FLCrktUoS7jYpm2XwvcoyT6J9c7
122,Good,24.303,krNhtk2aFb8XwQzDvCSHx4cBhvyj8gNDQvx5XohcsydpBeZhFKkUCrNL98vSbhN4GBa5qHdxZ9YVgQB
123,Good,24.575,xdPy653E8TRduHSAvyxuEAmJv7htSw6jA8GV7ZRryjkqVKpwRMnxLCZNMvJ6fwLWqcwA6DWhF6dZwmR
124,Good,25.244,F4ZcY2EFTN7QaH2Uj5y4PhX3wJVprusDBfUPomBHgXQcbw4B2VkmrMuneLgXFVSQqeNfQUZ432b5BK9
125,Good,24.911,xFCoGZNhr6vfU3SV8nrgtfnsLzJPtjwJ82Yn4jPuAfJQKz3kFsQWfA5hET7vLtKJTchADHS9emLBk9Y
126,Good,25.238,2NvEF4nbceSNxTowRkZ9AYGLDdzR5r247pY5ECHsBM7Lr2uY8kxvDp9rj8mVBe7TVvG3qLX2R4P3v8e
127,Good,33.908,ru8FqS9Tox6tKLJDE4HUdVnFYHWc9uA5J78knxq2ZYKHSqjz7FWQZVbjRKnypC5BKLEcRTo4cMN6Qzp
128,Good,24.861,8jksuVnQ8Jo9Ct3L8CMP7Sxdr6zMNymrb95W3FVPpsvmDzsxenGH98XquFAydZCJf7gDxeT2r8jNfMa
129,Good,27.451,BJ89h7Adya3TRrEcSTmjeBy2CxmvT6dFNCS6RUg56NVgW2Twvan6Kq4LpMjg6VLdCK9EqTLc5yRQ49K
130,Good,24.622,3yZ2z5g7Mz9A3oSEsDLz8kR7AtW3DG7Yw5q9LVEM8TP2UDRo7fp2CzyH5KLEJsBkFqTfsGoARCEqpNF
131,Good,26.280,KqkmgaS9ZPB3YbNojcrBw4Nchb6PeGpH4A3PeTZvfJnLyVJeM3jtfEe28SthXjTUuqZ8YmBXEzWxG4T
132,Good,25.720,fNc4Z3o5aXL6YtjbXLsMDhRUtbou9CHPEyTVahDT8uHtcYnLZty476Jhqa9KY4QenDyRAPShM98PGhj
133,Good,28.990,cky9h654tnfGqxRN6w3EBq6nd8RLU9nuAtM73pghYxXfZ8gwf95DvoMdk9nsZo3WpDgA95MdHgxGafT
134,Good,25.647,Sha8KTWascXeTC6tMLmb25jZ4nUfrHwj5cvEQUByhdJ2c6s4HTpGafXtZGvAyQo5YhJo62jmSZahrkx
135,Good,26.490,9jxKaVG3tckNGe6WYTAyjnEzMeFBhpjoYDpvU5nFSG9ah67XDvquNfWd5Xo8jpa36GSsfpXLcV72uKh
136,Good,24.709,7d8NuXqfNTA8LQVRGoxAC2zEYZTjdHpxnzvmPXsv8QF3MucLBNE45nGHW86sKUgcdsBt5CvHuMfgGTb
137,Good,24.996,V73HfRbEAPNCcHZX4jARoE48G5ckywDzhP4F7rgew58a6XVdJ4NxRC5BkxfcLaJ53fR62buFR9Aq8Ej
138,Good,25.478,fs4pKeCbQWH7zxYTstWhKG8mtQyAeWmRgqwy2KD4jUrnSTwg96TwWKhLgvmP2UhQse32LdRvYZVUbSA
139,Good,25.275,QULb2Hj3VtcJzqVkx2G5Zbpj3MrzBqkDaNEXvLBwNGoTfwLsovJZuALRPgp2CUFvQHfaE53nNh6CZfH
140,Good,25.890,W38w6LUsPzGH4CXgvhCKebPWZS4KNRHg46zH9La6ePNDsp5NEmZvHLWfhuBZd8sjN7LPgjGpRNLotXq
141,Good,25.871,bwUL7ARTPGH5QbKoBzxkc5oHYmFaSgQD8tMuJArFjELAPZnLzUBg23rHf8Wr4jMSoDbcJxEDMBfY8p4
142,Good,25.387,7TDsQWNRrLwXskBKpNEQogtue3F9kpEVRPpF9ufPHs9QCVtxXrp9LfkrXmayxwCeq4ZgEFeGUSkCemZ
143,Good,25.689,WJ4BdKwP83p4UbTkK9dFGYn4xCuSZzXBwR2hBZGLrdonJrdST6kyr8fANbYex6CSdToCsm8D96qHPL3
144,Good,25.851,Vr49fUXGKLPJaQ6v7YWd3VAwLK3kXvRVMoLTcVehYHmEZ7N4cKG8UAV4MUgNhxc3FDRko5B8T6NXrvy
145,Good,26.087,BR264JfjXhnPCmDGyVaHmzv3DhmWqZ3cAMj53tFcRsH8Ka4sevkKaECzj4rBM7yJC5PZhYeXCuEL8nz
146,Good,25.869,5tNkUFoTusZAKb3wgCTJ2wVAuQMrUTazPL6yFXS3KcXtvFj6MvKqC73kjzbmZY9K5QdDqKuARrT89Kn
147,Good,43.259,8tamkrowZMTPQFbs4BpfaZvMEBwkDLc5VU8eAMgzjUGMeoNJ9APgTpLYnj2LWByT5ucN3yGqzjaS9hW
148,Good,25.800,2TGtbPU2cvAbEcvZBx6rUkdQbHDKA3p9j4WNYzhsbqdjuHgYqXfrmZMwLxSvGwE3LYZwFHG2Cnu3X5m
149,Good,25.430,SrBHvaUxpBnD4ueGrc3F5uJVRaFheE8KdbprA4bunzqbcAjGuX62veA3rGehEtQCbDPv3LcAfdyt9mh
150,Good,26.187,7Sc69nmd74KfAoe4WE2KsBPyfqGRZakCrc6myp763U8LRCe8oZEAYz5jPGc7dNfchTKjSfY5PyrtCgd
151,Good,23.833,AqxdMVPcSQaeHjq8ZBSsfeFcX9wV25Q4hngXsZzevDt8oQHPtxSXdoLrAyWbHZUKmh6HkraMt7vHyGz
152,Good,24.613,YR3axNVCtJoxbF84NsyXHdCpPUr563HmFtYGxhNCkeUjG5DsYwdhCSTLqwYbt25Td3NezYKmLwnKbgU
153,Good,31.691,XdoqgBwpfhKwsHV6PwzqhYGmVX8Bdf4GHgU5M2acZWnPb8EKVbjo7H4KVroBRqkzasXVWQLv2KXSwpB
154,Good,23.877,Jk7CaNrU3D7qxapRuqen23DewQPX5dQYmyZWjnMHc9m2EXd5ejhRs4gn7c68hrSLkPoTUF2atYD36Lz
155,Good,31.741,UkAPnD9rcozdUHW2NE5aMqb3QPySaewJ3k9W8np23P5uyRjsGWo5hVXxKZCHDUbgXdQbhUf5nZ8QhrY
156,Good,23.838,jygE9Uarnjdt7WCQXqHpUWytZTjKCADt4Ta8Dwum9PoEdVLpxnSUmMAwoqtRnfuy6ELkmXCUHKpVxP8
157,Good,31.758,wYhzeoRCmcNwCLTQGyp8ChBZDUhsbHefjhHnegt7pJfkQgxU8wmutzgaTrJVv7RbmKnR6AWYexvuKGo
158,Good,24.356,zeKoAzGVx2W6GkUNTAJpam5YRHn2sJRo8SmwZqH7eK5zcmCUVTY3QscEdpb3V6qNsUfdGtcSJQqyY6V
159,Good,31.836,xBd7kTr3KM4LhscBzXv3pdfw3hcrEPMkqdJoKWgGjbUHaxbUkaRQHgkaxZJYbHo8C2LMAPuFBgXVEFH
160,Good,26.224,akyheJx9gy5adk7BEGCDgF8qWboTUj5zMGS7BQ6SUnszFuf7TDsAgcb3ekzju5vKBxLPu5B7eW4Nkwn
161,Good,31.688,2noBPXkeQ2jDhFAgJnQSYRxs7WyCckgDUhngsberujYkC3mBsLhPWMeaPpNBGbev4m5KtjnrYBVT7Zx
162,Good,24.585,aVGy3LwZPucNtzAaowZVHFKaWbhutXnsERaWY5htpGPmXaYyu6tbXSPvobyPpeWzdohjDP3zkb8FhC5
163,Good,30.977,BQ4YKrX6VJjW9zafpEMKQgHR7oJPHC48RcKdLrFQY5jwzyvnH2ArGmtsvGAgbBh7WK4eD92mgcrH3Vk
164,Good,24.569,eVvXJFAe3ErLcvUGMFdZweVJKbpSXNjmrfaAvpVGNhr54BaC7SQXrzZN9nVMe2Gjc6VrFaZHTj6nPRa
165,Good,29.830,oNykX6MUaYS35Z7d28muPWFeKRSQDhoCbcpehj2GU3uKeWZDja5CSGUaFo6R3tPabu5yVYC4HMt9v5z
166,Good,25.291,VLkYtdfaXeS9smw6GrygWZrGyCYp6b3aHZgwFEPuZae5AJaV6yT8v4RbGEe5nz2TKQHBnkw78LMUBQN
167,Good,27.798,bPw5fzotEZy9XpqsVt6wDRafZyvVkzDBbr73jMsoy4jYRvS4pGLBY7WGB3Ycjv758tyvgMJerBPnf2q
168,Good,25.540,rUSzYrCwk9FgyTnUahqgfTyBXp8fPSx52c3bpkKDZaYSKzF7NqJw8fhpGEtxs5bKgGB6Xc3ZtNypZRD
169,Good,28.324,AEnMN43EmTG2wZy9LzuwWCFtRJhs3FJA9kF5bU7H3Tpc5rtZjdMKRQJfdxkue3aBrvZN3QXZpdtaQKj
170,Good,25.333,Trmsct6v9Bsyk9wPDQc6qHZU5CFgoeKX8WeTCg9J2AX3nFvCcDNqBVUkz76XEMoFUAbS5rdvxGCaR7U
171,Good,28.449,dy5BsCJvXa4ZNp63j2mUnJFgK4yJkpHXGFu8QcV5vgbPcSfQ3pKLvs3KQ7AwvuRygHmkJ8sXgrTm3Sv
172,Good,24.999,Ve6NQh2BVxA4CkpFSW3uZUKC7weaFvsnNDKCU8T9CPwpFVky9eocGFAU3QcCZ5jFhRxfdD7YhuXFW2a
173,Good,28.746,MbLTz23XPNtxzRevxd7MnRJxt7k5KB6RMZ2fyDErXu9Et8mLg6GftjKCdG5r8MSckaZ96tPx2REuUYX
174,Good,24.272,apurNWRjc7BrLpfgtd9SJjx3doYAtWxToJCE3u6PpFG93wfn5qSw2F6xts2hjMXgecb2sDCdbxMkz2A
175,Good,26.949,hwcGFsMUqdVP56GsfC2rPq5Fk9JD5aNEXe8yHRdEUsqa6vLnQypLv3WeFjHZQRzY7jPhwXe9cYpM7Zo
176,Good,24.186,5A4puCfrZqnwy8sCXBJ2gXAr3bwpa9zvGNEz4qSvkNqfVRAenmwqg9MvTPzQaqk3JrsWQUrdWLwHadN
177,Good,26.417,qAwebfktAGvw4jM3TL4xjDVrcMZpFSYq7J9NkgaTMBAPKWoTN2wLM6YFECUVBdYa7ZNosncdWgCJcTy
178,Good,32.851,xk7noNRuzeHSXWT9FmqDWwFLgjEGZnj9a6GxLkFmetsUZu8s3ErJuPKgcqrtEeY6vWQL4Bka2CWGyYf
179,Good,26.483,7yoj59ZRM5YsmuFpfrwVY497ChfKdgotWau9xDyX69Fu4f3Beg6pn3ZztCa2EXp5g4nteB79zDxpASb
180,Good,24.176,wopeQmXk29dF5jwzmWkwKSDjcAnoPzT8v3mYjhcS3vxtkMJBhWuAck6wumJLHTC8XQ3LNZRusdMR6Nv
181,Good,26.210,mcp6kTmEu6ktq4JMvwTbHMp7qV3vpZwjW4BenCDweB3gKmnJSLKUbRonQMwJ5U3vQLJuSYVqnEJLRTn
182,Good,24.999,AnzUR4SsGUCkSgXjDScnKWzBM69tBYv84HQrV94aqkZHAQsjZB5Gnvy47T9E6Qm4oPTW6uoR5JawP6t
183,Good,25.373,VBzCvuSxY9UqVDMQsPnWv2zTafXZm3yYQW6TRtombw3YBnruaXdLfKUP5X9a2fp63UTEBN2hGVwsMHX
184,Good,24.321,yKkuJgFcsWxQMbw8XLqmVFCERfvYrqGtTSHn4FQ8rHd2AVfvNFyKcEgp2AUEpred5JpVdFano7hNRLP
185,Good,25.071,nTVYF68fbc37W9jHkPNcq2tQjZr5De6kWoDJb3aGZ2H4QyRWg6kavjExpNYk86W9UeHVwWR9kJqK3Th
186,Good,24.331,g59j7g2uaEJTVgt7ZsBr4qaxDVyrLeSnCy7PgH3E4zTcLgrs7CdZUWzdKfmrJh5weQjZSy6wDX7neo9
187,Good,25.778,amNL4JBqKsPWebqtJe3QMPedQnaAHxSm7wtEmsfaw2Rhsg63SaCNXrqZ4XtpC46thp7ogwHsvaoN594
188,Good,25.510,nkfy3V4jw7WpD29sFoaZDnv5eB3xLjUQRSZUDPstRAroTcpYjfS58Mg3C8yeBvkXYhfpz6rJD5GmCVd
189,Good,25.280,hU3wJ4UHQopm2ZNkC2pmD3ourZg8vcmZ7LVGbYSZNru2mdnWAeaNBdvKWLDzbBP5tNKokPgArvGJ9yP
190,Good,25.810,XqJcQF92nuWFBYsGeVDJf9x57s9eKdaUbomQFpUVfsSdX4EzmYPEURKJoUX9tqJUCoWwbAzrmxqUfCn
191,Good,26.531,VqEpvrd4kurQES8FDj6MV7RtxvfeLpF6gV4dasfUFt3BwGVLhErRYZV768HEhBt8VZuJFedxmL9Xw8Y
192,Good,25.231,YjFwa2bvZUwCWHKLchs3C8A24R6PbHTWUfq7FUxB3FjDqMsF4TefHvgk2f7MdpCmcNXP52NFHvTMsfW
193,Good,27.075,sc4ZL7tTcXnvVBZ3Yf5s2VfCsygcRM2ZpGhRwSKWuBHe9YzaB8wuEo4BWu9pKvWqQcJFyPuVGT4MyJn
194,Good,24.352,F2baZV9tLTRwUj5f8uhrFVfPtEzBQXmA7Yh54VzrhpXxVdLJuYvF4Kr9AURt3KUT8HYzpWQn8jVgsPp
195,Good,25.747,reS3XrjKH6N2gWacjnDoxPF9DMrCt9DbU5G76xV57pNfFEx8c5MDQ4Td3HX6KxFBfVmqPT3pj2c8G37
196,Good,25.377,SY8NrQJ3z5v9WcJ5rxvK3j9BstkKE75nosPL3QYgc4STZtH37gePEosNZJSrv7zVRxaqLygXnYqrsTA
197,Good,26.037,AxXP82Mmwb6Zt8qazDfJGSpEPhmNjg3vh9rGwWHe3wDMCrPdUME4frJsTfXLNWDg7YqstRJBk5wRLVn
198,Good,25.770,3z5U8ea9d4ecQXWwG2h6q3fh58jnuV8qAjfKdgwpXnx6AUYNrtvA4Na693A5RNKdjXwQ7WAERTQrm5P
199,Good,24.459,j8ANoR4C92LYZoK3UXHN3JkeoZch9EyNrAaKbTn9GLUao5J4xdcGgrxYs9zZcAwV8rZns2DdNu8REAe
200,Good,26.036,VSUrNCVuEwb7cKAVXS8omrBRvJKNECvfyWj97RqnBpXQUKm64hDRtjTa4Kdq9upZrUnuXr8qV3exAmH
201,Good,25.452,2PEeVGrAzEqodBnegYwRafnu2QoLcheZLBmxoWMGUVPyEzSTGBDdL6VmUnEbefpKPT9Br3CkJFLX5wZ
202,Good,25.062,K2vCBMfDznxNLqHhpX6uKYDUwtNBq3zNTk7ZmMzLC8jH26RnYrX9ZwSCKu7ASWkPusUNg3SxJFtAjdm
203,Good,24.878,FEvnoXRtTqknmrTNVnYdKkn3PjacHGjL2Q4bnMYteQ396upAkUz5cJuZD7wmLGZuWzvsaAFZW9Pjdsc
204,Good,24.756,JgDphSAcJbqKch7UjKmgTvrwA9upZXq3E62Y4tAbK9mTJNzAYmkNS8vQcdCTkmF6pasgzkrLqzgxZ8E
205,Good,26.182,DZzTWHskCSvjWQRSkguB2U6Wru2fDLRgN4TbSCNK9p2Q7cqWEUzVME46oWBtfNkSxCW9HPsgz2pEFuP
206,Good,25.343,RxnDXHdu5VFA8zn5fQDREzhVX3pKksQg7cjvxtCUkRcGX6BhrFunL8DrAPxjUmybBXCHreBNsdjFPwe
207,Good,25.473,9S2LNaxKCpnEH3z9UATVykE6R7cvYg5qrcgMNx8Kz6vaH3LNpoBPJqCFSK2qRQEJaLXbpGMUL9pCoJD
208,Good,24.091,N2rVtDkNza4k75ohzyU93puByjsCozhvwEMKu74ECVu5grLyv6gFpfKVhjGkVxJyaYCEWwnY6EoKUcf
209,Good,26.046,6dwqMQE6X9oh5SZbu32wvErCemsV4efDEtrxuRSrdL4bsKpUuVh72wtKkfsB2bkcLmqdkJTEjeHD4ga
210,Good,24.940,GgVDoeN2QZ5vEdBsYMJd54WSkYMPm7oKVj9EYokxDBVakATvXH2mnbrDCFAmncQsJaUnhp2BAY4cP6e
211,Good,24.258,ZEfBatETzcm4rCTu9Kw75hPd3rGKMswXmerF93HWJrpDGKZht5x3weRgB8Jou4GTZxC4LFpjuzZvfrm
212,Good,24.745,h2xfX6czF3mp5Ds4UTKHGs8d2j3tznsPuJ7MpeTDg3jGL2x74Y2RauFh4E38MPQ3ZKtGePx9FkPHzSr
213,Good,26.114,QpSJNH3FhU6wqztgmveZRwqAWXhRuM2CtQZy6zsA4npcxMuSdTaN92kHzjmUVb4D7GdvzoqQ4DVhecs
214,Good,25.000,bh72gmxcKUsVu6WgvbjGmDZw9FVbC3SajQEJRScAUer8JwAYWJEydgDebAdSCDLqSXdJGSk4EB7hbof
215,Good,24.864,NjyPodhfkqo2QLYwF8BeG2zZu39SztLV9e3AuK4wbL8UaAu6T4ALFs9ywpgSq7beRqfwUxGrp2FZa3N
216,Good,24.347,3Se4PTtmVAq7L3HwNbfSy5n7tJZo6CQpezc7qPLmcsj2qNrZwdhcnDW26JF4pStAbVZLG8Q5yFVDEC5
217,Good,25.484,dyhZbsfgr2WwhJfdgzGPs6CEPhVfkKaZLcoap9ZgjJepVLbzMspNV7hvcK4XA7famEdFygZjoXgZ4W3
218,Good,24.745,m9xsWGQjZhwLNnXd9fM3tzuZGtMpWkRzJSfKEruZtFxDJLsTMDNPbduYm4jNyR6B5GMYSuvJoCrQ6A4
219,Good,26.038,PEf6Xnt9yxzDjwez5JqjynPekgRqp37JPW5LhqM6dtym8sVgpUoP3q2BLsH54VakoWcruEn3YzxS8UR
220,Good,24.574,TRxtyf97WEufSyHhfFBEPLZGV5uR7w5Cx3JS4W2KQTuFrP3VZNbSLhYnBkTdhe4Ft6XwHoJ592oAp3Y
221,Good,25.019,bPx2XQBpnKGwmJ8AyrYpbqxYoTcA7HEQA32h6tGBdNWTGs7cTZC7hUxvaYMEwAsdFzvtSYEkXKPUdR6
222,Good,28.622,eWKGNm2F5rRZujsS2b7uC9JWLnuMxsnuF59YRTsuyBXTNSHJU7rCgTL72aNUs3gv9dwTVkJP9oN8uC7
223,Good,25.318,C3YpyWmSp5j2JHuvWpageXLuys2MdHgyf23ZadnYM8qhmrB6pZydXBcakZb7CEtkBm46P5FKNrLjHq5
224,Good,26.078,Uv5zeJ4G5k9Y2TDrXR6VgGuE5csWeLxTG4YJoKQW2FqDeMny7qwQFNAz5BaxtYKEupgsGRFKPoXz8eb
225,Good,25.371,YMjLxz5f8nJpARWU3thEJe6PnzEUCXpemScGPfFytwUDXp4st6TCQDhAqbojv9dpE2jnUhDuH4hbKmT
226,Good,24.344,Mfu9XqtJ9ANUPYvcekTJUFDpXhvJ46Nag5AKtJS2N5Jhc2Pt5xfCMo5rSLXyFSxcdubV2aARFK5EAY4
227,Good,25.819,LToeQKfSBVnFwMed2FtQTH8Kc56kxwX9BrVwCKGdTRvbUtnvmKgB6AfgEqmVatxyrKJEx6mvA2LsJTy
228,Good,24.735,SkGCQ3p9hW5y7knNtGj6odyJKu64CaPHDsjwP4p2tmoSPDyxZNTW6nNFs5DoTcjyfdJez3qQwtMd2e3
229,Good,26.452,x6shzLKA3wReNa3goLvxqs2LpKeo4bqEwgdVxQRwhBoq5afPHhGEsFg4qoV9jZ4xCTXf3Jzg9PDZv3j
230,Good,23.739,YAhZE4JmLzgXnxWdTpvYZUCpnNgZac2yLvP3oCr6Q5CZt4DxrqYkE84vzWsL8EgakrEwGWsXwukxfWo
231,Good,25.019,9wKgErFKJGVvE6fACWspfrevGaYEf7dKvPG495cqCWYvqCHfn2Xg8SZoBnMmKAynG4CmJVF9u7UmwNQ
232,Good,24.730,uqJAyFkCDz8Ah5WkGN5pxChTbk4MCtwg7xnRrQwJcvPdraW6JBdfyrHzgPMYATDaBGtUZ7HeVRTxtJg
233,Good,36.133,moSrVXE2krQEVf3AnJwFREoCDTWh2HnCFpjgfM2R7uA3bpmGLweXMkqUAhdBzGaTdZMEmjP9HVnKmua
234,Good,25.419,7vTrFu56nFT4hEdanqB3o9rAHQE3VMLHSpR8wMH3uhtHsovmzMnPb7ETjzeDRtFsZvyJp3tuPJQ9fkS
235,Good,25.360,u8kY9FJMAbuvUzjNaUVs5DGf7qUmdYcFMnDfzAPbTSvhJEcCTz4c3BZyjfCSp6hMerkxsL4ypMo4ucZ
236,Good,24.744,n3Z8oBvZc9EsHTqvfoGurp3ARaNm7pQYt4m98dYeEv2oA563KtFA3Be9LucCSBomCrvsLcXqPYvQWrB
237,Good,26.612,Ue6wmB8FXmJuz3dXYUHA8CpgdtwDNE5Zb6yXWYApX9ebKgwhfpMeV4GDgPSCKfNVY7CohA8s9ToqCBh
238,Good,24.501,UWNoP4qpoGdkZmeQkZufnJWdhPHEgBxmCgSWAdU9FETwhxqp642FwtESqpgkFEp8WDUJPGEvMfDrAZb
239,Good,26.155,8ShmfRco4PuK85BcgtL3aNzxLe7SBDR2YQ6aZEkyUM6YBn3VkGWFzUvrE8kNr3FjpEkCcJWgPSeYKUp
240,Good,25.030,6qTVMgPJ2NK3ctQ4n87wCx3VSr6CkBZTGpAFfjqsocMpth67seTXo4wQCzSPxRawNv82QcHKq3EH8X9
241,Good,25.461,eBZTMkYoZx9gJnquxfEVu7JxWL7kJnG4EYD8kjaS6pqrGW42AKhT2k6BNaDxpVZQhjWtgcuToNJqcQk
242,Good,24.845,LmGrsyYwKevM6YU37FKGs32m47jvFmdBkpaRNdr6Wn7Ndr9zcyNXE4yGs3xAD4SLVs4ke3qYKVP5XZj
243,Good,27.413,RU2PrcnhKFxW3ky8MDm3QNK4stzNLk7eGUTnDV7bNYXqTVkEgDLpt2BFqU9swVez2CgRM42GJpzdkWJ
244,Good,25.857,JPmxvopFkN8uysBkfhHRUAaXLhjGVFqPawdLCX8rKMWEcyfaY4SXTHwNjE9PHSfY6gcLKhxDTgVCJrb
245,Good,26.054,XqUkpu2XS54NzaQHq6rMtGNHx6LZy3DpTNQAYM793YJL93dfAv7qckb6tp8bCzr5nKP3RstMzE7yDr3
246,Good,24.497,WNhyLJ4ahpDmys6Xd4Hks87K4oQMeygk4evwsB8pH5wt79zCXQ3cLpbgvRGB3rYVqAPeywF4U6Mr9eo
247,Good,26.339,kEtg9AcSzJ8H5RnzBQXncpHkuPym7adXqwRrksaPJQofDVpPGTfxP6SJwtKzUZojbGA6PTxJdNBkgYj
248,Good,25.215,SDvMV5L7BRSQaXq2MtfGzs5rxFKvZcky26xUHjNGUEBnS9LXTRagpVmAdgz23wgx6Y3hKnS9eo3DG8Y
249,Good,24.737,oqJXfUMEj8WsHkcwWrMHLVk9gFyuN8owsAvYTJKmvGhEz6xeZ3MVxTEKyZebzmUhAHkrXCgeYN9ZcQ3
250,Good,31.734,sLFEBDYHUjPVDbs56JLzaEDWt84dVmu4q5eWQPTkAgCTYv5hpLsA9trnGsUDJ4vsyVoH7qykz3Bu87C
251,Good,25.022,s4EyhtA7fnyPUfs7M5UWZMSk8Q4pVw7dgbHzoxUq8FAQrauKdMU3RxWhqtzcbWSz9QxoDqhEeTGkrgc
252,Good,31.011,FCjV2kDE3MzQfgjCBeupAUTsNbx4fv7VBsq8Kkxub5gKrBS3aqmvtzGZwJhFPeNxy4E256hYugfaRko
253,Good,25.375,Zgu8VCargBS8HWhbSpeJ9f2suABfU4SwcY4aeq6F3L8UgbsXaSNyRVaB3QjC65XotdesbH6msZQwgLT
254,Good,31.350,hJKr4hfzjyJXtHEJMedDKN2ncFpY4XgkVCQsXUZnGJV4D7Bze6xyd86B5DtzL6uHwB4dHJEaCf8heEx
255,Good,26.336,WHrLkcyRL9AoUJjHZ5fn9u8WkAHmnSueXgYhGHt4raJFgn5dQUzH7gmy2HhWjoLkBVYPQ25gMebdrHW
256,Good,31.845,QzNJ4UTM83RYaontZEezYGPxeg4TQpYANfbYALmsJR3PXypCUL7JHmYnWZ96Sd2XLaFRBDTPNXEfnSd
257,Good,26.211,zTtJDkR64AyeofFMLT5N9QC2ASNhQa2ujWtqoePEjqJNArg2h4a7mTcFMkRoqbhDJVfgxpHYh3o8StW
258,Good,32.216,n4k3LMcuJop9FcjGuNcVe9pFLwW9A5bpPAYJH3cE5ftJaXu5NzQG47eqYzduPM9EZ82uXZ9D56tYkEv
259,Good,24.753,nw3TybFBnZ7DRanK7xb2H9zUkCFzR2MfWKpMVuy3SqHMov4cnL5u3bezwALWhtf9DbduEDm9zTsG7QU
260,Good,31.014,Zgzveaf69Am75LuPM23pTn6aBUA69FbeKRhnC5W3vTE7ZfXgK529FpNdUGe9A4Kau5MkK6fBaFUzcmw
261,Good,25.838,q46KYVfTUSa6kYpPtkU82K7RsNfQvby7ntHPJCSqA2h7fnW3etFh7SPNDxEBe8FnTpyGdFhCRzSXULk
262,Good,31.482,asf3UEyqD7xUCRNGQan5VPvKZMjufHWtxbrKcH4TGwqBy7PSULFVdur42TEK5kDfjhnGgTwVEJYXnfN
263,Good,25.492,rWkZNXg4JYQ3pJ79QPdTocENvPXZGLSCyHL4RSTv8RnpGLKbfXSYrGRMamTeHBM8zAvF96KfqLabGoC
264,Good,39.301,X34PWhGVmTFpKm5MdG2fKde24Nw3VjzRuWxhMDEFbdBwanq4cSWY4XCEcVUbRsSx42gX54wbDCAyHGv
265,Good,25.705,BHWEXFwdB63uHCfJWohL5FjVm9ecfQveA7BJDWfjqocE2b978vrfLb9M2BagWeKmBjFA9G8eRaGQugf
266,Good,26.253,hxYF6jRPf467aGVR5EpKhaXxkCK4v8h6YTPqWLDrVmRXn5HN9XARUgGMmH7YcKpSdtesBc8vZR2Uat6
267,Good,25.795,5nLcwhTjCZqh9yxgZzqE3HCfBz6c7PJCXw6DspZbCKaphuFRHV7CeJvsWhbY6ptd58YbqAVjKXFWpxU
268,Good,28.675,S8daAmhcBJeNUbHqYvESpk6bJPNVaCegHsYxQ3yvjHwVZ9aBtNLZjqCBRuXNB8nLMts3J4PeFcHGsPv
269,Good,25.369,J765LEf2cWYN2k34QuM8RUK9xTDEG2ZPtG4epUSwuoYfwHCcGVLpmouLQvcwVe98GdXjZqpchmvA6Co
270,Good,27.778,oHEVft4H6yqMZeAWHSuJLt5W6YrbKhzXxZwy2WzpYyb3WhcgbX4ZJweMNXfnyCpL7Vc6Ry4eQ8GsdyE
271,Good,24.258,7wUDceNY8xuHQGEp7PHtVq5Qt3oW4d2o9cN7yegzjNyDe98y4MaoJjceTHaQRkGLsRTNxyUCEqXyWYE
272,Good,26.688,HuvrQh6eZaswRQakALGo5Jvdwz4KrkMfPxBASf6XHUq3GsJUkm2wNAbrBUzeRCbQZTdtejb4WEqjzG8
273,Good,25.014,7fvCZ4q5keCtzcY7nUNsHRcvK7VSqUzH7vP6Y8mAsNhr5PHQpD94P6Vm5LCrensgyuMpdKatvkFsZNS
274,Good,25.467,Pajd9Q3XWkdBwZN2vRdgqfRudJrWMgpx64H8uWArZG3Bb7GFvwcuBr4SteFsq9X7VdUtxfH9FYXtCLk
275,Good,25.464,3MauxGboz9VbgoD2XyTevuQHRrqncS5HKCR87bwhmdB5U9REFhroGeqyDv7NfDgYdBW3ZXf6KRPhWXr
276,Good,26.233,bqsHCvXDwJMTqPK3CvgBYFNpZABbX7JD3F2dxSZoW86ktNsaTV8ZRmdcrCu6mZMCQwHTXNdHWBGSEqw
277,Good,25.780,7p2w3tCRkzgBpvtCPQzAuYWJvqowH6LXBduRFbt9MSHxXQZUWGg7MQAat7WmxskzboR9uJxGAhFsguf
278,Good,26.103,nDzT5XutBKXoazxVJRhWN29CMw6qjtZ7fQzHWeupXHgwaF3HnUqXTYLzQrjxDaSuZE4k7MwurztbQvr
279,Good,24.078,jsHfXAJ7N24VbYvpCb45WzE8KbqQ3CtLpK5d7foYL32m9UCaMpwuSC9egfm8U2bsNGe87Yrb4FSycWM
280,Good,25.764,Jbo3BXYJWd7qTkmJ3sdbqzUkXRsp9gHArKUejvbFLhfpaX9qE3UbDwTHdupsKyV7rmaSn6CVdRx573t
281,Good,25.003,UusGxFHSjuNzoXTs892RCPTLq47bvVLXNHg6bdBW8MEYtswaGerDsdxnZNVGTYCcaXPuvfdz4DBNv7L
282,Good,25.509,3oFdj9Ec3HJs5BApSawAKHpQwqAKmtbWCz9DjAhxUXj9MKTVURvas28yTLYbrfZQg8JpPz9MbWuFRjf
283,Good,25.929,qLZvcnqhweV8rBCu7vmCj5DhT2xYfA76pBKPRN4TmgJypEs6Rduokes4TyuY8VAvT3fus2Tx8W5tovF
284,Good,24.198,ES7QWPH3dvhscFKLyatMHbBaKhAcntoC7LqtfZCBt86dpUjNHvQC9a6z5xMpHYzB4pf5dbSpXrcKefv
285,Good,25.358,cyrsQUXVYmnWxbLFP5mUR25PoXU4mcwRUsvx6YeSL2t6hUwAv9eUM7wcx2FCawJzEdsZSTeFBE9Zdsy
286,Good,25.828,2qdbX2s5HJ6B3F2LBobtqMBkbHjCkgopq9GwoY7hUNbgDeJX2Nxp6BZvYjUFAcPaMdCfoFRQKHw5ED3
287,Good,24.907,tpRMaXF7GzegUcYuWaFGz4HNgF8hyV6PRjL4ory3CFKm5Qu9JogaTSJhzHSpLhFybcvXS72CD5cT9LR
288,Good,25.957,3pZFG4WDxXebQWETMNQXxjDHAWPKcatg7xUjR9ouFAPGLVaSzubJDFkREuoLj6u5Thts6NmjyBADsLX
289,Good,23.842,rvJawsGBo3pEVxcM8G5fywWpaTjMZxsdNPoTe4yGrjxVEBdAart5YdEVZgyPbzWku7TwZm9qphvn7eK
290,Good,24.872,qJKaLDd834eqTLGCkeUBndR4Nw6Wj7EvKkXGaWgUkhpG56rYTbDp4g7wrq6g5sNZ6bHNjL6SpmWAoKn
291,Good,24.941,tLQ2qBXhuHEz3ohyvLsBap8TjKVL6GQ5jdpCqUTftxB5gJY8uPpoBKyLrxXY7HBkEDJtea2MSnoCvZX
292,Good,25.021,c87CUxhJsZGP8jw6GbSxe4qY3ac2hPDWsJSH9M56qEvXFkAGKJHfaKR7nXYLfaNxosSm3hMeV2caD5N
293,Good,26.165,2H56NPu9hwMcUk6rymPur3NUTMzPdTwQfYyaeFNfxjd7Kmq2dWJGaBDA4bBJAEdZNwLFQUeAN4TXQJq
294,Good,23.831,M5xNHgG27QbwXa4Eys2YQ7L5hqQYspyDLxSc8bKAcPfCz7sqLawp2CNVzLmhPktLnDwVuZPcsqCnETp
295,Good,24.730,2KgEzwhHyMXtAaNGq7jVzfgQeycYACvc4YXpfeoYu9tB2aY6VwFz4Ao9xV8EsyKkRFCztaJ6EfwPoXD
296,Good,25.253,aMmdE9hyUKvS48su5YN3gZVDY9qTmoEVRmskQfqES9rVjcR3wgFTJfsq7mEHSpmnBtRvYS8DsHTxuYh
297,Good,26.559,fmgsWqfUt9PXfyWbeUyN3hCyZrPEsbMcpvw9cLePnYW6294HyQnDe368SPBf4xKkjbBJU9Pq3gsULkn
298,Good,24.603,h2krc4UybcVQnbXxvmt9T2GJExV2BAnNgR4t83mD7WxMrztd72SzuTxecjaUnkJQe2vsFrwJRmnBSe5
299,Good,31.366,oT3s5p2DNhutDfJNvTUzMX6ZSoJhsP5zS93hN67SWGzK4fgs3VtcjR4oyfMNJUhyVCcEfvuwmzqjTYQ
300,Good,24.742,NpxRQVf7eKGUbNjL5ck4JoDYQj9sBe7625n9EWeB3JkUKQyMtC4NEAuRBqVw69MLbgkoLyXPHu4x5Zt
301,Good,25.258,CbfLSXCvAwmHLyz2CLTH92ZAPrh6n98bM5q2nSkcCHDjWVzS3Mh5CjGKpcyWxnq92JPV4sp7tVZ3sWV
302,Good,24.103,tNLGVEwBjK4V9YWQtECx98NkLY39aZMnLBsg8uRM9cbaYv34rZMH4jKyq5nktd5wvKNAfDCrvNGt79F
303,Good,25.811,UT7RCqSQJx6KLFB64ma9vRjMcF56mSQrAzgSmNbnJr8ULtbjHVgpdbcyKNTLVo4dFK5VTxuUn7edutL
304,Good,24.540,jTdaqsK9VCDUYvZ97u3febyjBMZKYkTXr2DcnWXxr7kbJM29Fm4D2c5Yfux7bqLh6dHeru38hD9gKS8
305,Good,25.219,xk8f9ctwxYmMRXDV5WAMFzd9KckegXb4rcyFCSkuto8NCLU3aumN2qe9TQLzNuWqkeySEskWLevHRUp
306,Good,26.185,UbnjoPNMjmt65sLF4gmJH53xK2p7mAf6HaVPR68yjJbVmgQnv3ufLgdWhQ8mM9vSz2nmKUStWyPGr9n
307,Good,25.768,9SMPvpb5CWhzrubR3nvTHDKu75tNjYR5x3THXkmLExno7t4EvPdj52NCcyusrb8S54pbT3RBkNTZewM
308,Good,24.642,rQ8SLVPZFrxo9jJUKMAYdNXA5pJ7rfcyL6ShQEHdNoyEaT7oP3vjENBkSRpFcYrN9bCXzv5H24Rh5dV
309,Good,26.746,B53RdyEgSPQo5YcJXgfdkunpDgv3azGR3CoGpS2jW3yL8ckNQZyHWQRM6DLFbH9v3tVcsPo53xwhTSM
310,Good,24.636,BZeft7KPr2F7sYUQgoW25GmbBstYwznaPu5VF6KbatfLWdnTut8GS4DsNZdS4AbednY5brLYcXFRoPX
311,Good,28.857,DtXuAmMhz8QJogwTcAahBZ7RF3PpG2NRYe8gXLHCbDnYxRbtyE9dr8wVsfUTL2X5HRVnPTfo73v2Rk5
312,Good,25.766,dpGwL4FKbneUHCaXVq92ZoC3hGwv7RfY4nZDCAEqfUjchQuMJn9qHuTV9XYdVswHx7Rn9yksH7h9nPf
313,Good,27.828,nR2bJ9azdbRucSVak5L3QjHLdfEKrWCGvj8z5g2M8QfHymUJpMSuARTocVpRGZJ93UdfDMACm3oWqcz
314,Good,25.256,WEArxV3jrthz2Dya5WwMBJeHmPNTuKsofkBhXDWc2FB34Xqf5ejJC2MpotWX8YHNBcx2fSashRZGrzg
315,Good,25.678,b7tEVkb4J68bQ97WKFPht37kj9ZgprTVhYFtZxJc8mNy7eoXsPdjAHeWK5Pbmn3zM6W7vjQRtumcjS8
316,Good,25.637,dG2vVn8H9toSjwtZDCTUjgCToLvuCVFEwbPLySKmeRDoyhksvDuBty6DgHKzNFojdGhgkv3qyTR9pxm
317,Good,25.435,PyVW3vwG5e4q8XoJuzNE5CbFKQPUbGw2Xc6TGsetfJW5DV489vXHztLXPmfbpxrCTebUCVX3ELF5VWb
318,Good,24.896,z5LuXQtVCPU32qDtWAJdrXtwjhrDkqy7AaXMqcebLX8h7DwAWkK29cLXyh6RUnoD4pmVJUp8QLWxAko
319,Good,36.222,xkfntrXbMLS6WtMvqCoYgASqxL97fkgxEDcHp4eRKzxp57k9jdwSyxhrXdqPY6GsM49eBsGyAfE58BC
320,Good,26.046,MvfCsMYNSL9rQvqweSgJACwsG2CTAn3ouxJwnQRuCDdG94MBnaLpvdPrSWQ28EWDB3orR2v78CekG8y
321,Good,24.919,ovFU4oRL8GQpJzdVDjc9ohGHeCKnH7FoMYXrfREtPBeHh7FxtHuof8puHPBV9ThLoE7WDL5UFHA7ExY
322,Good,25.285,tbDeFEMcRvpYLbqkpWBX7UCxndLSFbRaQxfv4JFAtT4386PMgXFpwLCRjyvXSsLQVoXyQcMR6js5uph
323,Good,25.303,7erD89QPDunhqVv8KgYyUVwSLuCP27dYp8w3BoPNJcE5Ra96n7LGJrY2M7EAwXRpKftjFLTNRdmLSNA
324,Good,25.529,HMd3LFNs2TmpgxoFYPuKSDQUft2LqkxFjS23ZTpoRJ89bTFuCNdAcyJPgoWfKsxj8etvqFWfB4SVEau
325,Good,25.847,8YHRgMEzbW59Nuqzxt7BdMoANu35rvGNbWsfmBdNHFmB6GPWyfZkV4cLdRTaM6ujwPgzBKPws3XkmDF
326,Good,26.540,BfypxZqcFHJh9vkFXSRuE7oU3eMAVKu5nTxSw7EV2KFSgm6CfvQHtrKLfQEwSYnWcvxjVLZf42VCU4Q
327,Good,24.325,CNFhu6H3DNxkmYLHwsbNL9gx7sufwMqadytz9nULte2oERWMsL2NhRmBKEzgWFvpbS7tx49QCEqPaA7
328,Good,26.314,t6SEmNwunVBWzZVqaWKB49Qu35E7MzdSvYK7CRn3AcbnQjNuEzhLBSyzV2poaegbkaPY5L4XA9vSPpe
329,Good,26.216,SKZjnY68bmSVjemBNHAwb2GnNcwtXMyuRVxXPZ6fanxEuCHyUz26qwaCvVKmLjQvgJSxn8sDQBPThcZ
330,Good,25.307,cLAERWKX8vgHAoE9W2zXCN4t75qKxkFXhLAYGqJFQCavL8Bqpvmu7Z8FUTbcnw76CKbEjQKqRwLc8v6
331,Good,25.086,AK6UjLvQhR4wWN2cLZMoEKqAXHtq2VkADWHsdzoqnMc78sRWGJAPTLDue3ZhMVKdLqrxa7gdKCBYH8c
332,Good,25.041,zKLRhVNUknsVoxYus6ENrs4jCvLYxCPKtv8BHGm9NpvatKwuY5Ha8XmHbLypGno9t57GFs9PV7kBmCn
333,Good,24.450,DJBtf5AHcT78UeTk9NnDjcanX2KBabANemz32c8AmN2CEosRcaAhS3VCyFzd8tx3FVKEjzNvVQEXrL9
334,Good,26.067,V24jnoDL6bU7EemC78PVfdahQkgtjqCQDcjbm96CNeEHpboV4txWbBMXeksEWfyjw3ep4nghXU5LZ6F
335,Good,24.641,r9QEMnUhK4zTyBW3HJaskySuExayXWuj5e4NFcazLgr2RM5gNrMCTP92reXLKxHRYTGJvorjfCGac34
336,Good,26.109,WsCbtLxWnvFgx7Yc9aJFCMptHVsBWUhXJNQhVofEFnmQtakHDBwoRpzXrkyDnmYv8rpsH5nvA7hCdX5
337,Good,23.930,TZyj7Y3kq8AV3Wn6FTJr2bX5mwHvWAyT5qZL94uyvF7EWHN2RWMBwFb5Koj39wnFXcRqbQrgJyLqs9o
338,Good,24.983,ZgHzYpZGcAefRH9dvUP8x3pDGLxY97BTz5L3ZMktm4EdK7WHJpLhmsQLUgNTEqDdNaMxh34CXEM9kj6
339,Good,24.270,9YDwrbTpYEex4H6ZNhwtcSFVAWNksazhKJx5vec89YPj267LxfguG7bqFEs67PnuUAorFxuEDfcZCog
340,Good,25.153,YwCpx58dAqFRgyvhrH7xwUJc4WXTVP8zpJXTQKYLesrNRZc2HT5gkb3M4gkLGUua3pYQa8rYkxZupF7
341,Good,25.395,sceojPwq2oTmvNws5V6bJxnuVTdWnuY7DUcpQdysrhUKfxjq9Bxhp24P3cMhSq2WQscPkpq8UE5LAwq
342,Good,23.767,qJaArtBqhdwmx356yPgAs947hxcpqXnAxRKV3z8nSgKHRWJrAxwbrtAG6FZQm8nGo4KzAQTaoUXTfPc
343,Good,24.616,63gzUCFKk7gBuKa6foDPAymRtvr7YDHQTcVWowdCeaoxvEKrs8E6DgNTcogZvaqFh2MeTh8b7UmwqVJ
344,Good,25.540,TEmagRPL3pvw8TF6BSArNQcXxYwgUGMa2QnSPzXEKjsNZTQormyS2W7JcyXVHhzGNqY9u2nHE4pj9dR
345,Good,24.506,jrQZbgusRqecd4NXY2Wd4PVKZYLkjEzZ4g2RSvQZomVkeXEgUwpb5SHZTFE6n2cTzfjDsoxq3t4weCu
346,Good,24.050,CmxXSLjn28NrHx2U86WgYmHeb5WHUxJArKNaRqt7Gk4cUSHFzQR9VpDK7My4xhGFrgjQmRVspYHmNBc
347,Good,30.151,4DbekS3ML4JNzEZDxYj3KmptTzjS2Xqk3r9EGfmuCNaJr5dGkYcnB3yLz9Cm4Bebm7Wa9q38GHXaeBY
348,Good,24.906,uPNe3JcXHxRAWsChz8YeADhMf3ajsNbEGucLzYgvZkwxCRqjdATzv5rqA9s3o5VL4mQ2raZnEYQtKPM
349,Good,30.227,bRU5QPCDpXakdrmcskRqn7posma9BNwJDakEtzuqXGAEtbk2dsLAbyTpQfmxCbjSgCFft2yjTe74R3y
350,Good,27.803,4fnHvUsadK2xHcRg4zhKY8ojQUkARZTNK3QRux2cDyYWzX4n7Fasdg9fAGZNtze5SXgRJjuS64xLcNG
351,Good,40.622,PSpgrohcS3zLyktEJuRWSvCBrRvhpN3GgM6cBqW2XD7nEzs7emf9XrtMmSJcRgHpSPVZLnyMFX5kx7K
352,Good,24.112,RuTvL3SnBut67mVAp9dzjGpMRVF2BkEPfFHkTCcrEgWZN8Kra5pnMF8k6fJtoV2Xy4dEpaXQYBHy2Gq
353,Good,31.456,XLufwhUkmqpb45XN2wkQ3EhKu5vfwWdV9FJN6jfcuA2dgYTfDyJKHTp8nxogEy8LUbxvKSRGe3NEmQe
354,Good,24.331,wrJGkTMJaKYBVoRhrSnWMyVvpMK8Rao2Pq4gKBCF582DszdjETuPg2c9au4YUBFpCsxTUpZrGPvzjgd
355,Good,31.541,xhz2Y9RHDFQbPjNWt26xKSjkdzesYagnsTvPkyMbo9u2w7HgenR4JvYVqy5kz4FrMG7y6mt2z5bTAHE
356,Good,24.457,PsXQ5BfyjogwX3WP7GsCxM7jFNp3Pr578tQF7W36yZtsLPk8qefhC8bak57YpFb5YJGR2VK3WfyCZRL
357,Good,30.581,AjJCDoMnEPse3oUW2jAEpVJw43FTGq5MLzTDY2A97ombRSGEzFvjfpd9QJuGT8hwSqxALwKHDqXZgVn
358,Good,24.689,tscERuUMgtaQGMFYaGMkrdP7aLnzvABJQzdyxv6WGco6wgXvGB8yTSrVuLtaN7P5mSZouHGdvPzSmNb
359,Good,30.582,nmvN4DL58VWmRTNYcegMuAvH7V6yxGS36JXjynaSZqWhRbvoYrTGazvbuGyEJPtVKyokDPvEnjp4KLZ
360,Good,26.481,n5ZqUsfEWAUt7oAvx9uL64pKdPbR5DnTzydXVe6rvJEG9KfABNba8eBKNRnQaAW3GKnaSCDZwHkDe5Q
361,Good,29.420,RpedKAznQeGjDwmvRfx8EX9STZ8zRhwjVRcz6Vjc3ybXTJYsVMvk4qYKrgMRoyBQMRdxp3ndm98KBQe
362,Good,24.054,hD3FrUBmvNZzKW5RvB8PHGCSRb5LtEkVHauMhqoQ7vzf8qQ75gB4z5hM8UdvzyphBwzYhbVU8KWRfTk
363,Good,26.539,TJBAcYf3T5RKYj6shE34QSt86PUeVYxtj7KVEcbwsVLehbgmLctPusaEShxuVAzXswEbhXwZq27tU5D
364,Good,26.034,qSgj3cLuohxy8BDAZQHJ62j5YmKU4gRG9LpnzjBLe6PdgRceutVpA7EjkUJ5RqsDytEdTV5psZbXqvH
365,Good,28.276,dqrKWbG5Mfc6v5qakogFmp6tSMYP6ZDhTbj9MTKLyGkzU6KrA3BvZEQsqRkDfsVWTzmaP6ZyxJbkESv
366,Good,24.594,UoaA3yZKqWRJK2xPoVWYXSbfr8BZVpyQoxG26ZtHQocBTbRENLJgWHaJRAmU5NCqXgZ6eRGn9dXfhHR
367,Good,28.188,u4GXmSq6AjJNSpxG5Nwpq8PfvNHyCSfny2hcHFq2w8rs3JwAWzkNaw32zD5xKg2rpz7hbErNx39fwD8
368,Good,25.000,SPoQw9J7V8PkmgSZomWVcAvs3LGcZj3WhBpQEuCYHUBrRVCvhjR6voegXk2pfuE3Cj2V3h7jVptAmyE
369,Good,26.847,5XeqbY4df6Duw3mx4dp8UHurcA4VRNTdBez6KjpNWxFzGXCFQaEHAVvnxMbdgNSmjtBqnTxaY7Up2Wn
370,Good,25.073,PjmvWzRuaxzXhSVC2aKkzFgUhyxCfUpKMAhCpHVUrdnq9rdXnsuqxes5muUD3HVdxvCQRsrXD85Jyhx
371,Good,25.196,mVFNSfvCJ9m5KpfBu2QWpvausBWSj8VQt9SXspmnzxHWJwNTZj9Epy5VeRJdbKoWLXJTFQmf2oVjDQg
372,Good,25.053,YWnfS58NWXKawojLxCprMxTt9adN4zcTs32vcaAK6Fptjrv2tmXfqKxNh5gtsHcUqDusZUmpfQsnAZr
373,Good,24.558,SbDGmMBAg3kHjzxPrq7hE4VY7DFWLMs87LbjdHGgMuaXhxmE45thKMsoJ5Vq3KnpWoMrhYVUb7yJaBb
374,Good,25.794,eLk9VHe2kqrgNTBZjV4yoRCuSDK37JWxacEJWyAaFbohtsvSVkXDmz5gPMR8n5bU4FuN3CtUcsMndAh
375,Good,25.145,XfKRguEfNsqLk9p8AgnjckZwPs8V5dkYvDw2GcYEznkGxV58qYjJXwDhudTCGsmHRYgLx2fHgszAT93
376,Good,24.997,YFCdy3RG7EevQAFjnqg3FCLYjXoHJ4aWSjDR9vyFBKCjLMHnj5fTD2FQdqbyGLDY7aCTVqvD9BAWfwY
377,Good,27.293,dmrZPXym37GZKe7bJzu3Mqw5UvruQxVdWT2F3Uz8QdZ67EAzSfZ54MUD5HqTDokWRf4CNZSv8Wqr48S
378,Good,24.653,oG4wusrMCYSgoXt96LewFfaog9JTNyagcTxyFbfBruc6vFS7ohxJUBXVGKsCtbk9KUj54cpdFUCe3aM
379,Good,25.263,XnDZuCNMbJg7dKN6B7jZfuw6eGbXanwKCZowLfDvxCKYsVy9TF5stnzH5A6vyftwbujJzafnrmvY6nX
380,Good,26.066,Ebv5PHYA4KZaARuKgUERvF3Kud26kVyqFm4eXhzST6btsJr5n9TV3tdB4J7fyEjLphoxqs5jPSVvJ4Z
381,Good,24.949,4EBAhbRfjSeMg3jXDCPRbdD9jHd3AMEpu6Zk9ntr89GMAzNBXkgunaj7B8TvohwDZfv7JEZejd6wSRz
382,Good,24.197,wez4g9cDWPybFTn9PUGmun4hYdgaTKSd6XhuxregT7h9JjMNx4zLKERnSj8f56oJVK5EPankEBxD4YS
383,Good,25.393,G5ucDUgVzA2kErfxXVA8yTRPQNxZnsCA7E4sGtHkMK4qprJb4QM6xneMzS6NyjGnmFRzNMEWfJgQLyw
384,Good,25.367,bB5MVwpmGUJL6harZeYtDN94JWUDPNkwgyfGLpBbYtZk2qSzfXx6TRnDF6jHAmLTyWnBujJohev6WtR
385,Good,29.501,ZfBRmeqGxJNRYvpQchPNadcuT69VXaY5TH4aWcshdWeFwoZdx9CheTjNGbuw2czVnWhG3ur59B6ZXMr
386,Good,24.599,TUXN35CnTS4CDtfc87MWRfB75G9pbYxLsj4TDgK93QNavEPMfXq3v5CwWQ7N6XL5drTzNYavMdASkKz
387,Good,25.712,PLdKEbLRkrfPASa7YBKCyLGTmn8ouMmkw53hzDxY5kXxCn23tBXPZA2bfcgeYF6bZ3FVNvGxSQBUv3c
388,Good,24.713,K8BezsGbT2jtvJEFovWt9madc42CNSm4wxto8LdRAjwr42soSZkGtKWjcBZyQFj8zUVapj3b9BovhKM
389,Good,26.202,Y7U4puhYqrXExUTAv7Lus45ZLPaB243jgDzb2EFWdPpumnvNQfuW8p7eC5saUfgwyudzHryQdNKxhcM
390,Good,27.283,XQhUsKBH3WGc2SFmXBE4YsUnGY5D3rgLRxNp3RUbEzn3c8Y2Btoa9gPrmvGDAohSkDZVdutbT3rtnZe
391,Good,24.240,ymTfVZ9rY7jLJV5QMZUL4hkwANcbr6QveBcH3mZMNufKjQmbGhKX6DrsVZuN6PoWy4vDgr58qwEmZuz
392,Good,25.934,ZtrSPWTkv97PzVW6tYDZm8MJK4bzkth5QRPBwYQLfAWMZP9wgusFEMZHmXedGwbpcJBxhsmJfQtmkoL
393,Good,25.382,r4NgTqEWF3krHnxtDunbdQaqF4fnVAL3ECoVm2eHgRSTyACgqsNovzgsu3YAyDjJXb49G8H4ZxkqnTb
394,Good,26.231,wDJdGmSQzE5n86EcngTYM5VvCZkR3x5EzMeuHCrZvT47ChJEfnmeAG2sXbqBAWCJzvZUVkz4n3AXscQ
395,Good,24.578,TvXfrZ7mowvyEzf7rmhTKpqse4CcsuB3Lt5XHFnqrDp7oyMmd7HGqw85DjLEAu63Gkhvdcq7ApDhPMQ
396,Good,27.450,pcZo96db48LqXS27tCKZ9urMzNfZv5ELzbK37apJPeWRM4qeKP6QTDN5uwvZDq84Ay6H89TWALcYa96
397,Good,24.587,a8dtv3mHgJMBs3z4o9kur2qHpQZgBYNEwJmhuwKg2zWVSDhHNE5ftGwknM9Gw4doFqREPxjK9yvT8VZ
398,Good,24.752,hPnAxe4ZRTvDbwGjLMkGTBMEc4jspP3MoeuqrkHwgWrSLNW5BqGa5mxtJkUrmE4zwSVF3kDxh7T43up
399,Good,25.820,tJvmYTgL45eEZWQFPyG59uakNfeYWQfLbKzNhweacBQAzZEHbWYxkuUALgBpdPgN4EQHqBmdftLjWVa
400,Good,24.691,m7K3qPwYMxbzoeDupavWb8dxnRzJxv73QJzG67RDawHysVeK2RSPdMGDC87PXCd8LoMnscdSBKW956V
401,Good,24.934,C6t7FQqjGoWfjCga6VKcoBEngMyKkq95CBmR6oh3PWd6DrVLfJbhRs3cmWzZe7WmgAhxoYf5vrHkBed
402,Good,25.062,EvMYf56TLKtzVxuXdBqZSrTf8By9x6e2KaPc5JWQAjRvSrbGgSBpdFA65cLdNp25hScD3UJXrsPMHfr
403,Good,25.903,h6nyUSt5o3MJ25awk3pV9UaL7qH9C3fqEaLHNG2BydsQbUnGKXw3Ndb2oJu5k9qbvcPpWogc7erNxV3
404,Good,24.222,DU4dWYuR5xbvAytMBAG6z8nhgF3dmzCjDKAQb8VfeUpnzTqwMg6d2wVS38YsauhCAtp8uUbFP3BL5Cz
405,Good,34.882,RGrH5PRWvkMJXpRQaP3wYWvRSbVJvtnBFPrTC4Wty9swTUnjXSvH794ZaYtLjBhGL8ZEn6bSthzbGDn
406,Good,23.698,N4WJKPRqUCswGg3hsuDQ4vtxEwWz7jmsSveZky8dopxVGhsDoju9AUHnFW2asuLFEyvWHG5FuPc7ovT
407,Good,24.527,mMehN3r68fTyPFRxCwbRn32Vqz4FvmJtXz35nEr4S5nmRvQ8wmJ69rRgBz2tfNEWsZ5GKXhsj7rEnH8
408,Good,26.134,cp7jJ8RZhgB4VCUbB6fxaezKr2T6a4KhgEWyD6pRwngKUsdD25FgJnGxQYMHo2Uw7feXFRQAw8qy9XP
409,Good,24.870,nC4XJatg2Bv9YAVtg8JkNGrgaMHLEKBQAJrWE9BfhbCsokXpxKRCywpm3TUszrm7JALCKR9GEpox4yd
410,Good,25.328,uRGJwcmVPkDMu4qvGaw9jqExAUTa5LbroTZMyqFAhjQ3fBEG6urZD7vJxBwqYkdGjRSur8BG9gwvDWx
411,Good,23.651,8r4h3DwX4Gob2DJ95NuS2JjAqaJbXzdcVbMhGvHcwUnYsq2vdBMDxG3a5U9DnLGZ2j3HEReYy6m7uRv
412,Good,24.738,h47ZbNBkrJp3vQ6LAnZT9Ff4XkMRaBpYoS5Q7mScFZGmWFQ2ehoxQ523hyZYasoNcG7B5DjV7M84cBd
413,Good,27.031,ujTqcJWhyzgR59NTaPwbCsT3uyjv5sVzCjks5K9ZQYUSqkcKJxvSgkXYf9CPo5La3ZmkeDxBvT8kDPF
414,Good,23.426,SPXw7v9NGPd86C3mtzywHAJrvFqXCxdJwLDdmnK5fbZpeHLvEuxobSFpA2ESyZAxJzyGHNo3mgsCRnh
415,Good,25.094,4NnREyxkSwRFp79Zc4EDMz7pjnb5Mkh68smVMKLxevfMQsGmEZqhK6DQ7rbX4PUH7oMTsRgaocU4VTH
416,Good,24.110,wnqXzKoGxAcay9vspXaDbpoYqjEHsZbrn82gorRXyuzsDedJtKBadEpRDWJBEwzAv5Qh6sVDM678b4a
417,Good,25.010,TeHuxRAVLb7mCTBARHZbUNjKuZ38cmnvFzcdDgjGwkJontvSAPbZXmE6wjD2GXszT6bgfNjyVfnZqAk
418,Good,25.395,bzneRBwCyptAuRxWJwdeACazMAo2N34R7HVGcNzT5WQgEKzaVkEZxvkKeV2WgZ6AaXJgRMHASoLGvJd
419,Good,25.429,ChUzKcSsFNA4yDBb4FmkA5v8EobJ4N6SpDG5oVdpRvy4MktmncrpahYDLUoEFq4vVYwKPtG6sH7E2W5
420,Good,25.737,azjHSfcAkmEGUDJbG8WonmhE7Fs8KpeoAWpB5E8upKvTA82PgzmovM7jDUauC6hmpCvFRJ38awu7G2t
421,Good,25.318,LNvHGAoZxrcWbQRktVGEHeCfzovQDkHaNMZt7Xfs8QX2Fa8JLFqmDcxdSnh3NBxDYUkJqmVgwH8ZR5Y
422,Good,24.939,u2qSr3eosmHpo6D9ZwqDgxCdwcfWRp7hqfSNtFyDZfR4MuAQRMCoP4Z8Sa6KrEQfCGNbTa98n7fhTkR
423,Good,25.011,D5BzwJFUBbNKQpagXQJWz4mbdPRaGX4tNDEPZaHU9jLrM9jEgCsNBZXTP2Cr5DTZCmVS7xA6e4BRvrP
424,Good,24.433,xUmu8sQHED84GseJHmY5B7HSsmfX9xRujdBQYfL5VmczZXywbCJ4Spm9nbfq8Ez6pFW2sGmfy2LHv57
425,Good,26.292,EX5ABQNKM7Cg6SdTuPQzZEByujJ2n8Yk6RtPVuBhvNeC478dyGEj7PXYaDFb48gDqBAC4ey2SwTrqP4
426,Good,24.181,6ZFWMfZEGeyREwmAZncrVpaRMnJN7uYwk5PQoDej9pTBEQcyVewmrtvPMw64gDrcd3WuHeh8WAGQHWq
427,Good,25.291,ZpMhsvR38bVJZGQanBcgSTd5CaSKWjrGFan75NvbsxSWHDfG2AnExHVsofRdFeYtND9cTeYQBxcHv85
428,Good,25.541,cPsThU8qK9HEm5w6tT9A5vFQYNsnyofWQJ5KNF9xWjD9MaLwHyNXrJb5UkV7su2vhF4AGYeLBSb6ryU
429,Good,25.521,K7phnMmZ6efbxQ4B3kJGLu2Xbf9v5W8DeMRPr3NkA5SY2CkwEfR8MwKpmnBHhYTDnvLsa3AL2cJHsUh
430,Good,24.491,MVJoRSK4Y3RbmjTKRFatUdxFR6gWBq7uT5pFM4evdcVBhyEXn9z5AoKPGfWLTqpoDEM68wzBbDsFcRn
431,Good,25.259,9YdauoCN5JreSVkuLGjQBEea9Rf5v7Zr9oPvqUhTGY3SFLMrmV8T6our9m6h3aW6eYZPr8FmJ2KPsTD
432,Good,24.695,E6WGmSA7NP4dMyu8bWHmDonfW9HqRpKrad6fJH2tQkUZLyWXArHqBRsjPS3Q6mEMCr4NxSPQ2wCTG6w
433,Good,25.034,Mvr9m7X8xCHu3yMCaVdEqaAm5FcfRAh2KMvhBAmqR3LhCrmfG6MQFfVqWrz5bgBj42qDnAZsxtyD2Yz
434,Good,24.851,GkedjnH854noCJUZkA3J5K4NMxZrenoUWuF2z7CN4yBwgfaJFHyG8qUjVRwMZbRPTSDbho7PBV2apR9
435,Good,25.252,8MckJuVNwekd672GKCrh8fVZv6qUm7kyQLoA4BHQj58hM6z5HYKeEmsPrYfb3oFqb4Cxf5r6ab7hAzZ
436,Good,25.479,B7UJTaXS743k6fumq8ZLvuU53zpog25AjgVbpRJzqt9E2DUdkh9zKxXhcbSPtAp57MQKVTHC6DjwCUJ
437,Good,35.611,QGoWsadfTJRx9zDMuS5k94guRG6w4eaMQBV5DAtKzXUEeu5fZvoGukEmdqwsEh7dJtXA2yCKaMtC9AZ
438,Good,25.234,RcAyPWFTRg68CSoqPebX5unPkJqxQ8GMAgnFhJGc3tJx84tzNBw6eyvknNZdAjxvCuAqJ6TRb24EZnP
439,Good,24.858,AnM8wT4NZ2XTeV6UFasZorLD4jtogmBHZ5UJjDKor3nE5w3DjPd9JMPkxmqYvdSwTujJhv9AKQex2oc
440,Good,24.614,2YjP6Fu3HKFa9f2XqwsmgczZ9FCv3gy7RP5fj7Rryqu5HTW3jQ28vs6AFPmQdCbJNvUznKpP4bfpPqF
441,Good,25.778,7jB3QxkVmsCS7LU5tvCA3bnRVyuvT57Syb3g9PdQEWec8ahXBnEGYk5KvA27tXA4eczTAdYMgw8HVWT
442,Good,30.617,EbFfNyz53LbV95QHKY2AuHGCnzASLBjJDGKfELS7PFfDzhAymtgYpq7LMtE3QUYvM38nUprbeBk8wgz
443,Good,24.718,BeXdvRrBndQJ78dAJE25nTp9D5TYKegPwMd9qQCtu45XgAprzDjTCuYLresVYnc9r4KvABR4CGKsYSa
444,Good,33.836,7MWkcoaVsFgMTPVEuSgpLXT4qFoxGesbFWhMrwcyJrUXECLYPXbuxDrR8UW5Bd2J8nLEz3rgJMzTBk5
445,Good,25.485,8ZzMjESWTfg2SmEQay5M3uXcBHq6ag5LWaSZszYkHsaFvMDBm6faDMCWLaY6vmWe2UpgjZUEKRryBmt
446,Good,31.061,jb4VAPkrzgqZah8MFX6YvpQThAP2nxyeZvmnMN3RYkUeAPT8RmMxvnBaPWzNtvK96wWj3KCHWE6rDAg
447,Good,31.228,UByRwrUK6o9eGsZWhjRBHy5zudSAx6PhdVZRvgNEyGbqQepxLS4AH3qcZSo49rKd6AHSd5tTwjKd8m6
448,Good,32.291,FEguSbMvzWpSYDkjG3bhQtx2GcReVUChvYc3JB7fxUVM3BKdmyUs7ZeVAUPzRQKDoATgNcfuQYcAJh6
449,Good,25.799,RD4XgUa7k6ML9b7nefNPGwjcthSHwBYGeyToSc4NAEY4fxd6KRT5wvJShfYD26GUz3j7wTpPsc3NRHj
450,Good,30.749,bJ6etk57goSUJpbRfvy2XK4hNMWdUAjHvzYVwFDtQXoeZAfK25VMEcRQXgPZnfEJhSQFdKpuHvPCwMy
451,Good,25.764,hWpfzxEGStH4e6CkBf5g8sZNxqA8mKDqXWjZSaXz2nGNHAfyCbGhHZkRSvetaPog5KNcJGzvjgW7EUA
452,Good,31.242,4CZYSoC76SfCJuEvP8FgGoKBMx7FBqpcTEd5LVw8dGrxw7aQ3BrvYPXEz8QZkXpaAR6C4MUpq4eAJfu
453,Good,25.272,7FY8HeEDxY6qU5fDsn4KtuwQq7YXxfNpWZTgQRCJL8cezhJp3tBLTHRGqPSLRU4m8xakn3jrkRNag5Q
454,Good,29.797,KoeCpDqweuJ7oPFtTXcEw73tFA9hERqdKHSayTwNst2h5kWxR9SAWqnShCqNacb7Docp2DNAfFXLRAr
455,Good,26.049,vfG7ev4pK7PkqmKbkpfT7cAWHmPNDgqzmvkUfomQV2DudA6hkoSHYxCuy3gqkmQX84Bz57DRFH6moTb
456,Good,27.523,GNDhY6Pw5mbsjaH2eSMyZJDfqhbG6TANGp3V68mKXhQEKsgA4SWbrE9Bs3pVwAZjMBLm7R2MQueRk4y
457,Good,31.774,TBCr38gCqmRWozKGFL8PDkpZtEeVdBbmwcAt7sf9Uxoab9tnxMXSTPaXRJ3CWgoFytzXJbPtvA9RFus
458,Good,26.651,ygtcaQyvsxcySdagu3q2k6GQeyXa6dnRvkPTDZuxvpQ4MD7fPmad79AXR8gVoNvJn4hfeVatR9JdPv8
459,Good,25.654,yznXjADPGUTxDP8bQdcasqw8RxuWdjsPRuEpLcnYN4wdfZpchRxJCoFvLT3ntgEy8NXkT9xURjWAUN7
460,Good,28.204,CuZtnbAVhKG8WJYLruktLBKJ73cmYVwXSpmZ2qYHVE4TtVqaLs6XnG2sPjpgsJyTkpqf8UBVbYGHzZm
461,Good,25.782,6g4HJVCM4fTCxW6DCtauX9G4y5kPetNMxTvSNuh8HS3WZzdhewJ5WCaNRSrDfnxsQ8HfnKAxceuVp9s
462,Good,27.754,RjCbykLEf43dwhNkXJYc568y3FNRK68tHGyJfuUG2PRLaqfKDWSQKdYUmMhsW5jJptDEnySmqovYMjC
463,Good,24.285,tTqcZdm862axQmuHZLcYRzas8tCWhmEXyVCstmwGzo5tpRmcMwPgySLhQunN3eXVWaQrYpfWgn6rDqH
464,Good,26.218,Hk2yEQBtXMkBbwd5jYACvWPk9vbGJyc7LBTrC9zwhg5C3aJMqCNxWnPFchmXCuhekA4RqfBM8xq64A8
465,Good,24.884,Pt67FrQyU6BtjrYsWFSNH47Jgqb3nrQtE5nFyuVLt8n3PFu56ewD9jhAx7qPjdzwvnf936KMLDjog6T
466,Good,25.293,ver7s4S892nY6EVa7kFCtWbzuC3XTp9fXq4GTXm7FxsZCVS8r4LCHQF7bzYjq98ZofyRsZveBCAfFUK
467,Good,29.550,HDmktBf9Z6e2fvXDAuWStkcUYzFeTs6FBS27CEdqVNxEZp3XTBHZnCJTy9hxzSd8r3ZPoGv9LpdBuFn
468,Good,25.424,adjmp5UFaLgU8TteZ5wqfbt9EJWqBzabp7JKMvWx5VU4ZL2CNeaZ5Cymjv7ZVG2TwfVPsBTrfYpLtx8
469,Good,24.638,tvz8HDEP6CdrQb2HBTEkG8SBaUjXWy6ZgFMyx7WhJAtj2oEsmdGHp2Fqsd2hqpuaBTCxcQKNgyS2b5o
470,Good,25.822,WgyPVpjcCRm6J5cnVqM26b5YzcxVQuAocpzH8my3jEmG3dwL2CtZE5zeMvHfmSJbwmdgPjAFUTPV62c
471,Good,30.454,9eJQD7gVpF9AhgsxUy2aLY8oXLWYEcyTd2vBNkUgPmvWJBo6aUhTuAm2kJQLRpfrvqjsdU36wMSkBtW
472,Good,25.457,AtEbJctY8fdFH48vRndKTex4wp7tGSW9gMvNopnLdE4ZbCRmUdzajoPqDaYMtJgZvWn82x3s9WM5boq
473,Good,25.422,q2PAwBtWzLBymAzYgtFocf2YZp7xkroszDw5UGmXc26oeRX59dqx5JNVXkWwgPdWGLhM6DZHsLkjM3J
474,Good,23.467,vNuUafB8pYUcEwbNFp2qQnF54qVwEamRJtuYde4hGofTaBSxeGkzfJGyawqKj8sL5CryqKWveaYjLoC
475,Good,25.016,PS3WedFKkXNAFasbEcJ6Sp2R3PSCsJ7XARtPrBagdFTcbNLYTcWP3jZkcRMC53PQmFK9MDuGdKv8ZEz
476,Good,24.080,Lp6vF7XnZxhRYZ7xPqWbnyfEN8RbuHW4CFvqY7QLGNajnkLaVRTWJzhGp53HMXWTLGHRYMNnZzwYo2h
477,Good,30.506,uBgqmxJbDM9jpZxazkc7e8akjqVSQzGquBknYbAvFkKMWBt7k5MPLj7FCHsv2tgDYQ8EdeLV9ZWTYmU
478,Good,25.244,GpZ8Sj6GC3rAzPRjuGPKDjBSVcFnsZYypzomU9AZV2LmZvPoyUhCgnGxydUQRmAjZ5eKDqZ2CTXDxFy
479,Good,24.965,r5g74XHQ7Zy3xvGT57EXb48HRDX4ra8qPYDK8SCZbBwC5mBgQAPjDuRUWPeX5HgsQNwFEZdf2VPQbRp
480,Good,24.653,cgkEoGngMHcazgRU8h6eEPhGpAdRMEysWp89KENvygZ9DmeaQ9E8cVeg8GJRADoyEKhR8drsQqJHmY9
481,Good,25.738,a9suFw6te4fA8qUSQsK59aVeCRjLThJfHv6exPjdaDvbBqtAy3bgaXPDeVgLWxahgWt45Ue96hCAkHK
482,Good,26.675,74X8YZnKtLcZnw6kZjz6QRMBUJzmVCaAhbDWHwap2n5xJQ8fqjBoFvWEdUHR9knNcfCaejZhFf9jnxW
483,Good,26.998,CLXnvAE98RaCoyYQs6wqMRX2NKLYwVTdEgZS6UXgQTbqxsg5mRLTgz596Khy4jL6HhR8vmYH679CenQ
484,Good,24.253,cJZurTCtZVkpPaAhLra3fhrEL5Ajo7mTnHeW3qvCGWjY4yFmB6Cymq5aUjvTbFsRCG6oqe5YvJ8SeF4
485,Good,27.269,DoupqwMrD38XbPhzGjBf9L6nEP8SwtrW5D4etRJ52tEKk4oMmHuKREGxtZKkdxJtod6fGPzkTMhvcUE
486,Good,23.713,dJ4V9xEmgcMJYP5RLtqGZeR5skEazytYg5hpZgbU3AoSeHs9qbHKjMN839nYsurtxmcpQznSVPZz8j2
487,Good,31.219,79wLs2unQrmD37LH9wBfPXgLrWC6M3YqaUNP5KxHYkjv2xcWgrkQ9BpYaMvKcRqxuhGVaPJjGkUPbyf
488,Good,24.473,xM8thV7kfZgQd2ANxuVePkcsjMmER8HpYfn3dzbgZdQ84TwjMoL5XjkeB9Vs2UhS32yUW48xFMtq3xe
489,Good,28.526,Yf8bcoJEHNCgyFVatyjKBG9LeDcCmN7o3KQnZbBaCEmutPE29fKxV6UcboApKgyjLMKbTWwJH7ePbR9
490,Good,23.893,hHKG6LjkhWKrHXWFvrdVBqp4HaU97z4Vp8uzUDeLcFBD8PUydewhcNFdbMxtPkmfQBCJnfusMS35omG
491,Good,36.623,tXMZV4xsN6UDyevxMBWN6RHY7fekRT5K6nBr3XS57pMRfjAwGQS7nzMsUDgek3hEMvfD4nMa3CzTUt5
492,Good,26.535,pEStz3eVFpJ7m3N4KwbFsv7cQCv4YhdyB8GRyAMCP5Fabdu9gpjvJ3HydwGk7gLU6nvDJjYzxhCwA52
493,Good,25.647,XjzaT6cBEd69m3HoZYqXUK7rAm4VN5WMKD3g6MSHzU6LNZPz4J8hoMnJaqCHwKRhaxPGc2dELTnuxYc
494,Good,24.739,pr6vfbQBz9tDcu6EvKuLFnJdvfbqz7p32LHAX7NpQXxYypLnzC4fJX7cdYT3vXj2wDYN7tfyWuqrwdN
495,Good,25.951,DFZzN8H94L2EuCVBenZQpeFWJwYMpCUDqVHsTScX6MxeJFRBDJXq4t2yUjrfytVAn3wUHRcTSzMnT6j
496,Good,25.496,P89LZPqbGQy5thE73QqjVnCsvo2cjDrRA23ENqwHct2UT43NxjSk67cojx8gLGot2MExCAwMJS2aUhj
497,Good,31.417,8SvhYsaFXvLgMo5UxW6dSRacA9emCpFTZhxdGs3oFeuMaJUqtGBwcS8QEYhJ2a4PFAUMmoK5sQhyL6S
498,Good,26.020,JxGX9mHFLpcZBqHG7cEbfAQCTFzPBXD7aGrwshdSj7xwJpoqRF2sjy9VabC7TL8DAPpRt7fNqEdTbMs
499,Good,25.498,U9bH7BtNMbqCd9FWL35y8oU7uNLM5xZL6Kj4YPDyxbKEB8nHzXJbRqpeWtygTYBdFTZL76yEAfcd2tP
500,Good,25.898,56UC7fdjSx3yqW7c32HgUnKXY8VtMhzZ4wc2Ror73F8fXms5knQRjSJpUGePgmU8YvjdmByXuEZFBVm
501,Good,25.870,oF5Ano8Me7YTpnGyRxoPyTW2BwETu2hDzPL7kQuvoXLxfDKrgYpS9vgJk2mGLfumw2nTMYdD9gqMQS5
502,Good,26.134,QYLWFNyEoKUL3HkNg9oXWsqrTzUvZ3sY8qKPkeGXAtkoufwSy2CcpY48BTNRmpML7Vf6XH3QUq8sLhP
503,Good,25.785,GBdtxgyzNr3mLBwymVpCRdX5JrGvLjhnCMjkTPdqDScejqEWSgyfGxPpzsDCHU8JyMNSGFgqxTnALgE
504,Good,27.458,AWm6v2NDzYATKkcWv4x8gkvQP3EXQHt4kLE3zjSgKJqeDYFCtx8Kbuzqv3wzxuRYjX4CPq9ZnhsyqRN
505,Good,25.254,TAScBeWy8n3ze5A3Pj7gFVLDTWKURcBoezsGAZfTe2qHhpb2sWMHyaSfUkeB3VZCfc6HhBpLXnrsbg8
506,Good,25.843,aTst9VzYPemnQXwy3AFsD8g34Xo7VGsTyrdRbHzV7PQmt4nbPfYFqMbuyzmr4DHvSwh4fWtKxFsSRKc
507,Good,31.046,AVQ2Hhnzg9jE5Db2USvow4hpUCBveQN6fSQCnD6UpdrFoZsSXTNrb8SV4PjyucgSz9fJmSpscPEhpmS
508,Good,25.349,pmAhPvdTtw9HWFUbuAmNCdZywUEpSKZJrAwRQxfTZGKxC2m5dWbBHksboPFnj8pEfLdyrsESp8R7bux
509,Good,28.586,knJZsCgPHDUEJe2drpPRn5eA2omYBbadyUQjowBHFnKcDHLb2CuFp2qGfYzX5yGk3jTLm4C2NJgSU7t
510,Good,26.308,hDmBw8MZarJFDbsRGK8DyfSYFguaB7cvxKthnU3zo9RNh8QtLP6N5bCvN5QuXdNS3sJowRHZefAKghd
511,Good,25.465,jdfzEJc8RLJt264jHRaduMQYfgMHqNekBoyaf4rJ6Pvt5EKahNoRQWNGUf7Vuk8oHyREJctgvkQAnvG
512,Good,25.081,UgYcC85wG9VnedxBcJWeQ8GwPup94zZvhYzdxSGBdkFAhoKy9DShqxNPwMH5z6E7go2XbuceqNLBy4A
513,Good,25.757,eK3HJjRnPgoKGQRzpCD2YTWUaDtRLsSw9EVnb5u38MS7UxfskWQbTd2uxHFgVd63TQLdCjJS8ZFDXGQ
514,Good,26.754,vD3He9G4abudFWqUfAz7ULsw6xT5fAPekmQS65Y2aRXxwoebyTdha3KVjLx84bf9etZBjFhctbZGAoc
515,Good,26.252,kGasnr7ZVAUSMTnxEy9SCtuym5oQyefBtkZD9srTjmP9fKYdsnwTEb82FCvEKyhBNuEFR9cWevTmtPv
516,Good,28.095,rbRjyDzxbYUQawhmWEqUpzxSTfZ5kh8zog5w3VxpbjtRsoazkuKeXwZuSfgZ4N3cm2utAR3EGghoETz
517,Good,30.605,72HBasGSqwPrKWDNfKroPhvSU37aJXYUWzLHqYGhPQWp2gJyvcnpa38hsWETvBqX2FzvjQqTfC2oAZS
518,Good,25.264,zXE2eKw8EQNMWqTmnCah6EBTLwdUcAwRDKEp3qVkpbaGUQMA7HS6JwdzmKj5t7YEnHgquWF8djMzgSc
519,Good,25.787,n8L4tBajA78gWwEXez5j8Rgc6aPvY98yKQjUnq2C3jYmApk8MKVZr8TvpKB9jrWmyxKMj4XYekWCnvt
520,Good,26.345,QdThpoGxe5EMDykuAVBKsfaY8Wbp2Pca6nw5xZgvB78RGrgqvCboXsD5jTMb6QanZBp6kwPHuhKRQxu
521,Good,28.715,xrnLbWHXhvz38SwqY8jMFk38WEue7MNSx5pZ3aVAvdCUTpyfCt4MyoxWkJ2jEpc3A9EHzFyX6juaTpZ
522,Good,31.036,fgUVRNo6qpJBomTp8DUrof9uwFBtdogmXGAjrQPMqSzKFtqyCAZx4Wfah57KeJZQdTb8rxHBWpyCZV5
523,Good,26.986,MT5UFg9QJ2XUTHb9xJKSntCA8PoXR6nmSRa59sL2ePCfyxcw74qKRSGTU326tbsA2r4Kjb3fu6ryVcb
524,Good,25.373,BkQ7ZSdgUaMe5oRDqGAY36yRba2B5hE4zyDsEPv8c6H3zC6TWGAMHTvud8ZcmuWTpFjg9aV5ZY9qXm5
525,Good,26.599,X2fY63tWndmkyBJtzY5v8UFW9VRzuGadXTQhcwrsfatLAvZacEgDzetAVn8eJUGSsod5k9Rmh5QFz9r
526,Good,24.243,SMoJkCrnJY5bx8AwPoJ6a4vsSWayEDbMhoN3Rs6dpUx4EFu98JHRNPp9UNrhyXWvZjVWaMbujG2nMmW
527,Good,30.859,h652yBE7jPJ9NQY7zXmCbKR8FH7TtJvokDgUCkT3gCxJUPo8Rufdctjz57ARexXVmMY5wvSJ4Gbxv4S
528,Good,25.854,xrtFBLsJ6AoLykV9rgX2EsW3broKG2w4T7uZ2Y3fDwoaVx6fkEx7zoWpMtAeu4vY5SzhyHdVwSD5gnv
529,Good,25.038,XbuzHZD4Ljh3YDr82KvCcMoGYqLCPE9hpS6r5vMbTLCMe735mjsSd4QFst3z7dhUsuvqCF7UtSKbkaw
530,Good,26.206,EQc5KFvuGjeHvU6tNFGcTf5EpbcPD6NGFWoRfHvYhVjKgr3HUdQbWXYgVQsngrKWXBYpNFTr47tghU5
531,Good,26.836,GqVbvd6Db8z3nVxhPBupVmbndKcU7MD85dZCems8fSDsPr6J9YzpePs7mAkGQ427H5vCnTHW6ju5YwN
532,Good,24.946,nJ5TgwPajgvFb7RrcGCKwfZLytzg4Pav5zrjU9huTw2qDymQRFyG5zmdHsDY3qTPpCa94vCkSdtgu4N
533,Good,24.853,JB97QM6umJTHWd9mNLp9ehu7rFCKbenadCJWvPr23bnJSPN68xyQJfbNAhG4kKnqrsAbyQ78HmGwYzx
534,Good,26.440,D3zUpBM4k7nwCsN7a62YJZeX67P2uREL8TrHRFfQJE3FqNHotaxS2R6VE3eaZvtPsGCH94v2VD6gN24
535,Good,25.892,MxaL8X3fVr5K2nqx5Egwqn7Vcu42pSY8eETKv6WLHv3hanQLpJ8t6eLcyn9oqZfMpvUeC8rVp4tY5yd
536,Good,25.115,Hg8TS6GwPfMCwWjrYEZ7rFJzV3kMKf3y4dAeF4JDdncy5oXYETx3Zby7CfjD9UN43hMSKYQ2okeW86y
537,Good,36.945,UAxqSUgntmFVb79DJEQYSNDaBmWgGJUAEuqg4ZQbgmod2zyQ7u5ecQ2T5BXE8kBbgMTfQoA6ukevguS
538,Good,26.623,QtJyPXanNHePzwoJU8xEXYqyBZdcqhyXZwgcNYnMjbvu27bpvZh8kwLsBthR8QPtfZUzKACMQnjtmsF
539,Good,25.525,KncuLVN4M5vegpM2Lr9acKurEZBND7V63uxdBX6DQAguVCSaDsKSAanHv3prgdUR5S6DeZEPqdf9E6n
540,Good,26.047,CpJyTFDXUnT6j8bCqvNoMUCP43hdmUXtje6WbuSAwDj4pdhgm7dBF9yVGjZMehuAQjWECFk5cMzJthZ
541,Good,30.872,6dqBb69KA84qeWvQajZndKN89kCNBsZMJKsh7U4ejGzVxkYnV9uQsBz3vh9PpRSMmg3Ft9ko2JQPnwM
542,Good,25.823,UWBeQYDszmZYrA4oN6FKQzXwrQLdRCArTHtb3S9RpGK2TQ7CUVJGKHcxJ2NhYr2JMA67xeHqcy9NKPF
543,Good,31.065,hgQt48BucAakUn4STu2MgW59GcsuhLFmwjAbR9vzydwBSx7Yj5h9V3y42hBsYxU9ounaBU9WCj4qTeU
544,Good,24.581,sHdCxYtgrFenkqpztAMSTsdVzMtpG9UJaFR7U8McgNtYoCT28xMaugbRLA2kGKdFkX4YB9xveu7M9rV
545,Good,32.073,sno3GMwUEueBLNEhdJWUGq5PtJZqE9MUKHqJ9bT3AFvBbWRsThfa4CU82co4YpfyzD62UJ5ANqg3wXr
546,Good,24.996,BNVkAupHN4C8DabdRGh9pfkuKPTeJHrzqa9R8WeQwavYmo8vpVy4qAQCeWmEvVyMtBdAJMcZtExWgkU
547,Good,37.653,TcE3MKCkrE8mkYcQy89VLCfU8qvJr6EWVLGh7KHrsLCAJMS9D3YUGzpyD46RqfQCSHRmCFyoc2TxdJo
548,Good,26.490,FVaYbpCGjqFg72NeRAZmEzg3qKcrCDApoVcN3PxqpQHf9sKF7HNBRkzj83oNCc6MN2BCGLxXZjWraTk
549,Good,31.019,hyAeg2qEA6hazY8pdxh4kr2A4ZhWbcfnBpyowFGfdRQEGPSFgj7Dz8AdnaHrhcCwysJAqbWGam64pHc
550,Good,24.573,CruJokjY42dvwruZNGpnU8r3zDkXWs8ovmkhbKqL4Cu2RBf32DASj9LBSevwZC8xnhMCJRAr7BzfEjy
551,Good,30.673,NnstbpgqzWKtQkH6mVCkgwWz79qugM6hP2gNUFL6SbUGqCdkRjTvJZQ3vcSz6TKPLBsjrSQ2pPVCsQ6
552,Good,25.519,2VUukRqeazrv6NLpfcQ7a8BnypVtFZSJHdrzSMnYFa7ZTfeA43cQDaXTGvmUkBhgnaeUWBQngUfDNeH
553,Good,30.902,h83uxcEPrNJQhkuvZbdEpNPxGadBLJsErM9HUbqk7TsArpucToFh8wNMBDEZ3pDNcWufDSNxscTuFar
554,Good,24.348,kNuVmYy4tCfmvSnwxKkm2e7dcp4naXBjDuHFTnscG3pQckvrupFnUQ36dMbWBEsgeq2JumSP9DHJtnW
555,Good,32.028,rgTmFtBwqZ8RbgMmjtG6v5fsUu6SpPwCf8XdQyUbSZEXQ5TjmfqwXZR2HS8CoeqtngVq6aLRCV24Bu8
556,Good,25.143,LDR3hpCXanjdwPe6ny4SvKjgWNSrFJ5cW82QtAxqgosbR8jk2Rq4BdteVWUSsFGZQoq3xFmNezEFuht
557,Good,51.354,rSBDHsgBS73X4EsDVQGB9cF6zmXQZLr3Ect9QDS2WTyS8WxJrStHVAkBwM5nCfqpA9PUWACtdnsx7dP
558,Good,27.838,zk39Thd5wGjBo3DGadfhp9awPDJuyqtwfWyZmrBNkT3a4K2y5UWmaLDdPutVU4Fgtm8rHDv7NM6LxP4
559,Good,27.539,98kxrbRLyw7vVbeXgrLjGA6Jy7kQMTfKwPyzCBvtyPjTRqhJF5pcA28po3u2A8fQvFnpVf6YyRuVzhR
560,Good,25.321,FLKSeDvsSfGRak8JoXjWPZbGyKz6kg9SBdjchDsuWfbcoBd2AWZbPzusLq46vr9HZFYpEU2kAs8cxp6
561,Good,28.659,2HYomeWnHZDkctqNAfMebNFTu7DKqoBhSP3npsNcYKMszr5fW8zMvRoCF3aL7dX3CKewjUx9BCD4jQJ
562,Good,24.988,u4pgnEvCJPW5Q9uCsBwecxgVQHw6zuBKwmR4A6EsFjvTAhfuUQR7yqkWUSeyMXGnrzBv7DZ4BNVqmBj
563,Good,27.059,AhcKv5xqMwv24qGzJfgw8LXbkBJCudy64NanVkYFMvts4VZypzgcApMkfVFKCtBRy8pPcdhGbkLapgQ
564,Good,25.633,jL3U7oAJgXqfhnrGSYKEAw28SPweXrCdNMaeW2rCT7FsoEaerhUD6v4CszevVLSMtarGvDHpnJW9pHf
565,Good,27.779,WDPk9nZrvEVqJY9hkwKRPACkumBnTP2NgH6erxhE4bTyLckPvne5QEyPhX2xqHYycbmQDC48mfXwqMZ
566,Good,27.389,eRHGSv4TWqNdPn4JZyAcrRweqLjs8yFDPLVgd54VrkJ43f92dxZzem8NsnrXYLEaw3VFhWjM4wojyGU
567,Good,32.117,pekzD5Qb7ZaHrsDeWUtTzqAmNFT9vwt3NjLWcR2XdEwjKyk6MtKCTBDWnxbC65TxRvHrQBpynHJMfvY
568,Good,26.143,EPTF56XtVs63Q7DdGKgFbdGnmHZeWVL4AQ3e2w5aKthofy3csh9vJmxTQUt3WjqV7wmStKB9hFSf7Bo
569,Good,25.597,HdzwrMhgR3WGQdP65JogSRjbm83NnKWD9krLpUvy3NHwuAZWzxbPjLhMPjodrADQ4ftKXxpEJwrmgfW
570,Good,24.661,AZ2NoQzWJpL7BhATpRg98Q43e6jzsCHVpJnY7Zbke3uKUf2PnRAJ9FB8VHUReanCkA26VQxdEesg9DU
571,Good,24.526,uFdNDPrz2eKbCEGfHYoVP8zHuoWXBCQVJ394Y6FSTEuXo8z27SfWNwQbZ36zc5G4MHnQ9s7ouWXA4fD
572,Good,25.781,znZTNQUJLgfZG8Pey76zKeGy2fBDVbqRQja3ZfHjU4AB3aHoBm69b4LYXxHWdK7ar9NpXDFZskLNxyn
573,Good,27.475,RaQsAbDYgeJQts9MJA6wZD3HWxVvZWNQd8LqvWeAHBoyX3zcFKVoGT7h5CsKX93UdPuweXnZvBYD986
574,Good,26.165,f57kP9MvFcJjV3wnCouBfekv9uYcqxNuoTBA82QGhkrquhKneYa9rMNAqfwUFGJTBovZ69yEXzSCorW
575,Good,25.872,k9jpavHh9kyKfBgXHxpvkKrwxceopqEXuhYKNTByvtuAHecY9xwoFgraRv28Qc4SfbZ7nXKxvyA2Yrp
576,Good,29.250,5MjnZgcGA8ZfrSjcfoTGb2HWAfhCwtsv2NLfTzpe6QyqRwYNUaHCDNn38ZTQPnpcGDJSwokemnfTPvn
577,Good,30.589,ALGcNaurzQjpZecKAbBLUWheE6tLx56CRHXzotHXQcJV4QzCV4xzu5sVRBfCUomJXEUVr3wEZKqXUuh
578,Good,24.928,Qmej7XVCuqpSPUu2LH8cgEx4BJyGE2JBZCumfGQ4oEAqkFzLwkuJWLMzjkaWLsbvEMD5grnK7HJPGcv
579,Good,25.819,C5Q4VwUQqHyEYp6XCUnbcgojMzZxo7Nyxe3qvbZcweS52ksK8wkxhWTJ74bs5AQ4vmkhN9qCWpUPrnp
580,Good,25.735,fw2TbcnrhfA8X2anPopXCKwWBXfzoc2frN4WTdRwrH8p53s9Zoy5dmD6RvCEpdQKAf5JXkUCyrGew2P
581,Good,27.118,w9zGFoAz3cyM2RcHovPZmsFD4cLEGkmYfLbypzFjRoXyeYT6z7KRtCLxu2sjcqFBS8GYTCabqD7wvLu
582,Good,25.432,Rq5nvJ7qDCJdKXz2FDHnMg6JcxU4QJAfP3DtpT76SFUCgybhDH8cTpHVJw9cf5ev8WXcT4x9NKXcRWN
583,Good,27.064,vX2tSkZoFbYtNLwhbxvfk7HohyzWVeJqv8hFZ7bBANRgckKQ8zCHVbvFAQkBGNEzvcPpXjW74XAWQME
584,Good,24.737,SyjnB7RHdsegmphvexMANotjSqdxPC7T98Q3ow4qNEovpXgtSk6X4bpjncbkSmr32BgFaHEdeBGQXhB
585,Good,26.683,edxUSZ3Hwra58E49MZuWx9ds3Y8L9QxaNtEDK2vyXRn4vCWuG95U6DZ5Sbs9yEcuQHWjetnJ8NLxFn6
586,Good,25.229,D2vyS9e8ohE6S94GQZMP75gNmcfFG3ykB4poRMkaEdKRX9ep5af3JUgkqe82gqQUFEbmJAnfyCD6NdB
587,Good,30.076,oWaVNdQ5EW4qKanVzFsTGCuUQxSXZKtvPT4qQHknodMjVeg5UPYk3XAGw9cLXZoYB7ZcsXQHf4Ttyez
588,Good,25.352,nv2oAV9FpgPvFEAyDpeLXbSjVw85YGjxqFYw4XptHNXcEeWqHEgXbYVZALGuHMRXqkCFpAvCKEyezaS
589,Good,26.027,b9nSRepCSd6rCEvXRYrcusDrMJcVG7XutJGYmZ4qMhw6CPEbswda6EHBMqLJvtpTCNJAFD2CzHYNaPR
590,Good,26.984,bTrdUycauGsS8cjokJstfLkWHRCPYUk6fLZJHwgBU3X4mGutK78RscMLXfsFrB7YPaA6mrLTNbfKSHo
591,Good,25.675,JHspAZSoeWGxvYERCVYP7xKVushg64f9wjLdPFX7Z3pr7GJNZUvGK5ephF7ZMRPdESq2zKJoAYSpCua
592,Good,24.915,N5YBR8WarbPo4TsMXYKuzjeyTSAj4wcuBoWXSEZtwHvP9g4Q2vcExeboDZGgbLH3hpWb9FVvXCEScUA
593,Good,27.082,9z3WU9pu32LCyQGXtgPBD7pUhFPQ6BXmM94TjVKptkjLV9fB3eyhnCKwNtZyzdhWxYXjSbWd8jhMWZf
594,Good,25.746,XawNUxqvuQbaSkfrzacjAg28a7HsQYNJxMevVDbyAU5ZM3unJA4X5P2gDetMJwT5eXBtAM7D6yeuhNP
595,Good,28.057,WuxUYhCf3yb9XtnV4KzNgLX5KobeWGtDL2o8hecUYgsA3jaNxRXmF7LX4KuGgJFXxfpwXqfyAbWMRDA
596,Good,26.048,DS7zK4kFtqv6KFzXHAqFxebqXLFeWJnZad7D6Lu5myQ4aZYoSJBT4gyRb9x5jWfHsm38DdV43nadupR
597,Good,31.353,f2LS3hZkbRnYyfzZ3R8ogtJfq9TG7opMCue6UBgLHq3t6TfLbYVwsok4PSnxmeMwvF57Vmbo6CANZGc
598,Good,25.470,meCXcrky5EWwhFac3pHF6MA8DrE9qsnBgzHKJfsPztoWaH5PNjreyWdn3u64WsuBQ8mtJY2EcWkmjJz
599,Good,30.490,g3ykXFo2BZmLunvsMCUohKzux7hatsJRaokpsAGzoPtxrewkgryvqsXCDvZgMHTRVtFWLDcCMx46G7a
600,Good,25.225,XA5NJYfT9vh426xDLhJPwBmDehYBV4gFbCsLnrKQWxjzdanYNvGMgUBtkug8XbxkKAcWfkEzVrq9gfj
601,Good,25.047,AftCwQ9bd3aoMZPfDraNxzSZpBLXZ6xAKVJPmZgyc9Cb257zqYZp5FJPUWuEmCgDnoCFSaR4YU2P7xG
602,Good,25.002,Jj4d6WHV2re3xbTB8DGKjcyxKa8vBHeArovyxurDfxVLcrmQ9GuhFDpu6JjE5cp6amWMPTY39yQdDKf
603,Good,27.038,Lh86GCQtUFDHngfoRuv7zDj43xtXTgyGtwdvHKAxwRej6ySA4Nr5WJ6krUvjxasJenRwyQvnXT3xhbS
604,Good,25.912,qGWN54bdEk9b8QKHUuFtbQS2K8GkdSugyvoMYRKa9c3MtjJXrqhH6eZyC6w2AyanLk8tDp9WYoa8Nwm
605,Good,25.493,YzXLWDBJMnwPrLHRV5J7fQ8sMpeHvX4FSHZn3tDpU8MTg3QarZJxUA3o8rh3Xxsr6jvdYmzcMRuYovP
606,Good,26.993,GY7RJ9Q4dxPrCgftLAZ68Gv57qpfAB7GLzkjoVncaGfNAjoyLZgJX2U7jySQNuEZUrYzRnvUAXZbo6V
607,Good,39.837,zqxyJwAZPyGMwaE5RB9DuZFEdq3S4acTeWMGPvzpRog24A79Ggw5yZDrfXtVMuUGhD4zNErugNkYp6T
608,Good,25.656,uRHqUdLGQsJCd7z5hZg23RhadXMRUGAub76rvJwa6R8bk6KMYQxD6un2e3rX7EcmnruwEaVuJce6mUK
609,Good,24.545,yQaw7YRhewX3mBYyZXoV7Tmto4ukAU6gHk4AyGnfeJPApLa6Ju2xaMuXw4vgpdQPeXNyTvezjZ3EhoL
610,Good,25.775,JuM3sFzGdeXukZRXycs4RMdeJw7rWRA7ucQkKBrjYqgKQrwdSza2hrWjT4YGPXxy4JpNxuqT3e7x8gq
611,Good,25.259,YA7mjoZfVduSownJetoVzCStxG3zvBVNPnL4CRWMoAagY3mAyZ7ngp3HbupqjbYEZJaekqW9oYRTQsA
612,Good,26.093,mzweS7pT92wYXZGM53gFPq2UKmYh7kjQyd5pJw76ZejAwvJDu5k2htGo7vD5a4MyHjndgvEjJctG2gX
613,Good,26.054,RGhLqzD7soKqrzSwZYqHgkncHy2UA9BgFNakRubZCBFDYvKjoSsf5rgAMnswLoXTj8xF2oKkbCuch7q
614,Good,27.096,HLkJKrWSsoHmjrBbkjgntPV7rCFNdgUncX4MfBUyFXMUscB8o6xjgz4xM8oPnZGR6NnsPEhNxo2HnAP
615,Good,25.793,n9uXjopZ5JcKsPx7MR8HeUDRWZQAVXJRLfvaxjRAKMwWcbeVX36HGYS5cBKYoEf9MLbWJmA7Tgrx43p
616,Good,25.882,haZ2JwAFhq4uRtUpx94HynbZMGnAY4ZVeECwyJjGB4qLkzsXjUpTSBfUj85gR9pZvoS29zTBF67RyWf
617,Good,31.060,SF63exPUfngoy9R6gmEKA2wNy9X5uRcKmFWZRrt46DJ7qxHhPFzcmTHNopy2ZvVEdN34fR5VQDGsygB
618,Good,25.654,dQo9BEYKgFpcZmRnkwTHqfnKMxH8pFjK739nGCeQSqdrLb56wkvxsARQWjtAESQeUtmJLFKRVdsF7VC
619,Good,26.872,fCwokeJKQE5VkvsyNcXMEtbVfxecULrTfoe3t5g9JYRpkgQSfhcGCVbSUTEP9qyDXk7RzET6XCpcvu8
620,Good,26.237,uX2QLRnm3XUbVhGegjkZrLwpNR2FhkQX35FTMY9PeSbUHEWMamY3fD7pbfCWuvxsM7pgBLUkKMHscg4
621,Good,25.406,krNhtk2aFb8XwQzDvCSHx4cBhvyj8gNDQvx5XohcsydpBeZhFKkUCrNL98vSbhN4GBa5qHdxZ9YVgQB
622,Good,26.059,vbEKHY8g4HKQULqvZToq3vVJRPEG5xR8gouqsANSePGw3FN5Qs9mJ5Y9G34U2mFMsqaADYEWLogQAKz
623,Good,25.778,F4ZcY2EFTN7QaH2Uj5y4PhX3wJVprusDBfUPomBHgXQcbw4B2VkmrMuneLgXFVSQqeNfQUZ432b5BK9
624,Good,25.004,2hdD3Xb2CrUe6xPyv9G2WUkBj8XYK48E5FMrqRuzmfSsnWKQwYCcHBf8bc5AZ2xWArCHFVAtxS7kMvm
625,Good,26.352,2NvEF4nbceSNxTowRkZ9AYGLDdzR5r247pY5ECHsBM7Lr2uY8kxvDp9rj8mVBe7TVvG3qLX2R4P3v8e
626,Good,25.007,4Hwh3kmfAVoCuMWcVGedWqwr6HNoAT86gQBRHjhc6pmHRytjJsYuFGzfpcSWVUDyoGbE9g64uGFPoTd
627,Good,33.030,8jksuVnQ8Jo9Ct3L8CMP7Sxdr6zMNymrb95W3FVPpsvmDzsxenGH98XquFAydZCJf7gDxeT2r8jNfMa
628,Good,25.339,CbS2mXBRDp8W93JDTqrFHbQvEsY7ujgvStMKhmDYPfeg57TM6NpSE59ymT2G4XyNjZzHGroq46szHYL
629,Good,26.215,3yZ2z5g7Mz9A3oSEsDLz8kR7AtW3DG7Yw5q9LVEM8TP2UDRo7fp2CzyH5KLEJsBkFqTfsGoARCEqpNF
630,Good,25.732,94whJdxWgBqMJzD3TbkFPd8sHAodJLzQXvtK36UCaW5xPNwdeoT24pSkaVxr3Xz6ucRHJhoCxG54wzA
631,Good,25.823,fNc4Z3o5aXL6YtjbXLsMDhRUtbou9CHPEyTVahDT8uHtcYnLZty476Jhqa9KY4QenDyRAPShM98PGhj
632,Good,26.323,cky9h654tnfGqxRN6w3EBq6nd8RLU9nuAtM73pghYxXfZ8gwf95DvoMdk9nsZo3WpDgA95MdHgxGafT
633,Good,28.011,Sha8KTWascXeTC6tMLmb25jZ4nUfrHwj5cvEQUByhdJ2c6s4HTpGafXtZGvAyQo5YhJo62jmSZahrkx
634,Good,26.671,9jxKaVG3tckNGe6WYTAyjnEzMeFBhpjoYDpvU5nFSG9ah67XDvquNfWd5Xo8jpa36GSsfpXLcV72uKh
635,Good,24.973,7d8NuXqfNTA8LQVRGoxAC2zEYZTjdHpxnzvmPXsv8QF3MucLBNE45nGHW86sKUgcdsBt5CvHuMfgGTb
636,Good,26.477,V73HfRbEAPNCcHZX4jARoE48G5ckywDzhP4F7rgew58a6XVdJ4NxRC5BkxfcLaJ53fR62buFR9Aq8Ej
637,Good,31.054,fs4pKeCbQWH7zxYTstWhKG8mtQyAeWmRgqwy2KD4jUrnSTwg96TwWKhLgvmP2UhQse32LdRvYZVUbSA
638,Good,25.218,QULb2Hj3VtcJzqVkx2G5Zbpj3MrzBqkDaNEXvLBwNGoTfwLsovJZuALRPgp2CUFvQHfaE53nNh6CZfH
639,Good,25.787,W38w6LUsPzGH4CXgvhCKebPWZS4KNRHg46zH9La6ePNDsp5NEmZvHLWfhuBZd8sjN7LPgjGpRNLotXq
640,Good,33.495,bwUL7ARTPGH5QbKoBzxkc5oHYmFaSgQD8tMuJArFjELAPZnLzUBg23rHf8Wr4jMSoDbcJxEDMBfY8p4
641,Good,27.044,7TDsQWNRrLwXskBKpNEQogtue3F9kpEVRPpF9ufPHs9QCVtxXrp9LfkrXmayxwCeq4ZgEFeGUSkCemZ
642,Good,31.439,WJ4BdKwP83p4UbTkK9dFGYn4xCuSZzXBwR2hBZGLrdonJrdST6kyr8fANbYex6CSdToCsm8D96qHPL3
643,Good,38.882,Vr49fUXGKLPJaQ6v7YWd3VAwLK3kXvRVMoLTcVehYHmEZ7N4cKG8UAV4MUgNhxc3FDRko5B8T6NXrvy
644,Good,31.500,BR264JfjXhnPCmDGyVaHmzv3DhmWqZ3cAMj53tFcRsH8Ka4sevkKaECzj4rBM7yJC5PZhYeXCuEL8nz
645,Good,27.713,5tNkUFoTusZAKb3wgCTJ2wVAuQMrUTazPL6yFXS3KcXtvFj6MvKqC73kjzbmZY9K5QdDqKuARrT89Kn
646,Good,32.290,8tamkrowZMTPQFbs4BpfaZvMEBwkDLc5VU8eAMgzjUGMeoNJ9APgTpLYnj2LWByT5ucN3yGqzjaS9hW
647,Good,31.050,2TGtbPU2cvAbEcvZBx6rUkdQbHDKA3p9j4WNYzhsbqdjuHgYqXfrmZMwLxSvGwE3LYZwFHG2Cnu3X5m
648,Good,31.735,SrBHvaUxpBnD4ueGrc3F5uJVRaFheE8KdbprA4bunzqbcAjGuX62veA3rGehEtQCbDPv3LcAfdyt9mh
649,Good,26.664,7Sc69nmd74KfAoe4WE2KsBPyfqGRZakCrc6myp763U8LRCe8oZEAYz5jPGc7dNfchTKjSfY5PyrtCgd
650,Good,32.092,AqxdMVPcSQaeHjq8ZBSsfeFcX9wV25Q4hngXsZzevDt8oQHPtxSXdoLrAyWbHZUKmh6HkraMt7vHyGz
651,Good,25.808,YR3axNVCtJoxbF84NsyXHdCpPUr563HmFtYGxhNCkeUjG5DsYwdhCSTLqwYbt25Td3NezYKmLwnKbgU
652,Good,30.556,XdoqgBwpfhKwsHV6PwzqhYGmVX8Bdf4GHgU5M2acZWnPb8EKVbjo7H4KVroBRqkzasXVWQLv2KXSwpB
653,Good,26.242,Jk7CaNrU3D7qxapRuqen23DewQPX5dQYmyZWjnMHc9m2EXd5ejhRs4gn7c68hrSLkPoTUF2atYD36Lz
654,Good,29.221,UkAPnD9rcozdUHW2NE5aMqb3QPySaewJ3k9W8np23P5uyRjsGWo5hVXxKZCHDUbgXdQbhUf5nZ8QhrY
655,Good,27.802,jygE9Uarnjdt7WCQXqHpUWytZTjKCADt4Ta8Dwum9PoEdVLpxnSUmMAwoqtRnfuy6ELkmXCUHKpVxP8
656,Good,27.824,wYhzeoRCmcNwCLTQGyp8ChBZDUhsbHefjhHnegt7pJfkQgxU8wmutzgaTrJVv7RbmKnR6AWYexvuKGo
657,Good,32.161,zeKoAzGVx2W6GkUNTAJpam5YRHn2sJRo8SmwZqH7eK5zcmCUVTY3QscEdpb3V6qNsUfdGtcSJQqyY6V
658,Good,26.492,xBd7kTr3KM4LhscBzXv3pdfw3hcrEPMkqdJoKWgGjbUHaxbUkaRQHgkaxZJYbHo8C2LMAPuFBgXVEFH
659,Good,26.120,akyheJx9gy5adk7BEGCDgF8qWboTUj5zMGS7BQ6SUnszFuf7TDsAgcb3ekzju5vKBxLPu5B7eW4Nkwn
660,Good,28.096,2noBPXkeQ2jDhFAgJnQSYRxs7WyCckgDUhngsberujYkC3mBsLhPWMeaPpNBGbev4m5KtjnrYBVT7Zx
661,Good,26.055,aVGy3LwZPucNtzAaowZVHFKaWbhutXnsERaWY5htpGPmXaYyu6tbXSPvobyPpeWzdohjDP3zkb8FhC5
662,Good,26.614,BQ4YKrX6VJjW9zafpEMKQgHR7oJPHC48RcKdLrFQY5jwzyvnH2ArGmtsvGAgbBh7WK4eD92mgcrH3Vk
663,Good,24.960,eVvXJFAe3ErLcvUGMFdZweVJKbpSXNjmrfaAvpVGNhr54BaC7SQXrzZN9nVMe2Gjc6VrFaZHTj6nPRa
664,Good,27.669,oNykX6MUaYS35Z7d28muPWFeKRSQDhoCbcpehj2GU3uKeWZDja5CSGUaFo6R3tPabu5yVYC4HMt9v5z
665,Good,29.733,kf6mxapneLmGp4f3Enq8LM5TNeAxsEja2z5YqNC2emyAcGCbTqVRBXmnSZ25amLPy9HLzjxckEStX8W
666,Good,26.545,bPw5fzotEZy9XpqsVt6wDRafZyvVkzDBbr73jMsoy4jYRvS4pGLBY7WGB3Ycjv758tyvgMJerBPnf2q
667,Good,31.444,HuDdVTvAcF8qnWrpzgyLtvUEoJ6aSYoctjJYpFPVBbSdMPsXeJy2aX9sYqJzhLqTN4FMTAtdKRcz3Ya
668,Good,24.863,AEnMN43EmTG2wZy9LzuwWCFtRJhs3FJA9kF5bU7H3Tpc5rtZjdMKRQJfdxkue3aBrvZN3QXZpdtaQKj
669,Good,25.359,vkCGRr6BLsMkCvwsSETdHbVt4MNSKhAmcKfxmDZFMxGaABUTn92AScjvgwsx3gnkaKUnL8pB3X5nPT4
670,Good,24.044,dy5BsCJvXa4ZNp63j2mUnJFgK4yJkpHXGFu8QcV5vgbPcSfQ3pKLvs3KQ7AwvuRygHmkJ8sXgrTm3Sv
671,Good,25.097,5mGQE7eHCzJDeRjGprygDU6Q5Ws7fYBHwTAkuqco53SLQZpB42SLsxCJZH4npdHvTWqeEzjpBWnKbdR
672,Good,25.499,MbLTz23XPNtxzRevxd7MnRJxt7k5KB6RMZ2fyDErXu9Et8mLg6GftjKCdG5r8MSckaZ96tPx2REuUYX
673,Good,25.508,GaAzS7JDBMXFWfwSVRDfvLnPTWHm39gHEWrNfTwr2pYG6B5QhxdUPvf5TAb3UXgtr5oDfN8dvj4QrGq
674,Good,26.082,hwcGFsMUqdVP56GsfC2rPq5Fk9JD5aNEXe8yHRdEUsqa6vLnQypLv3WeFjHZQRzY7jPhwXe9cYpM7Zo
675,Good,27.538,KTgzr48fu7QpdyGozw4PgVzeZHbsy6nqWDVCbxuyeXbx2geqdjT5vLrU2czEBGTCwbmukY9JB7Yr83m
676,Good,24.659,qAwebfktAGvw4jM3TL4xjDVrcMZpFSYq7J9NkgaTMBAPKWoTN2wLM6YFECUVBdYa7ZNosncdWgCJcTy
677,Good,33.212,g3yqVvhUe4Y3ZPA5d8kbrKpgTXGKkh2Vg7yhPZkrzYHLgaxW6nzeyWMS8pXs6Byg3RLVQgAu2Vv6Txp
678,Good,23.842,7yoj59ZRM5YsmuFpfrwVY497ChfKdgotWau9xDyX69Fu4f3Beg6pn3ZztCa2EXp5g4nteB79zDxpASb
679,Good,25.702,ZPxov3mpsjqZhPufchvk7TLDVaZ2Q4gnsjmQAgMqDTzKtabo9xSdbsrTKQzUw36fLJQcBKYQmHtUKr8
680,Good,26.216,mcp6kTmEu6ktq4JMvwTbHMp7qV3vpZwjW4BenCDweB3gKmnJSLKUbRonQMwJ5U3vQLJuSYVqnEJLRTn
681,Good,25.855,Bb8uDSRVakbtq5WuUxPWAYNdQRzsnXUpBj8n7egmW3vcB7VgXG89jsmNdwagsCQwrF7txyQn9GfbANT
682,Good,25.412,VBzCvuSxY9UqVDMQsPnWv2zTafXZm3yYQW6TRtombw3YBnruaXdLfKUP5X9a2fp63UTEBN2hGVwsMHX
683,Good,27.027,mck4JxNj7CE63qcwVeaWG3mYfyG9bjyEcgxkUF6EXaAet8dv3t2dk8ven9FkebPzZJX9tKUaBdKG4vz
684,Good,26.061,nTVYF68fbc37W9jHkPNcq2tQjZr5De6kWoDJb3aGZ2H4QyRWg6kavjExpNYk86W9UeHVwWR9kJqK3Th
685,Good,24.721,PcwNrGtWkRXqpLkMgtocSbfB7DKUb9RgBbvCrhjDw9R8NbCwrsHuKLoMzhUTj75qXtKHZdCF4ebPhxd
686,Good,24.585,amNL4JBqKsPWebqtJe3QMPedQnaAHxSm7wtEmsfaw2Rhsg63SaCNXrqZ4XtpC46thp7ogwHsvaoN594
687,Good,30.213,PpSZEtfRFZNreYUn4qGyC2a9QDd86WvKgf6EkGrxBQjas9okdrVNoLwzaCAQhVsnDK8bQBw9SAQYyWb
688,Good,24.885,hU3wJ4UHQopm2ZNkC2pmD3ourZg8vcmZ7LVGbYSZNru2mdnWAeaNBdvKWLDzbBP5tNKokPgArvGJ9yP
689,Good,25.249,H4vPV9Kdcmve7VBJKQrDXEnpVbUxFt2z548Cc3UzPCVywgJLv6EsX2RWeJAS8YMd6GPMTwysUJCBRyh
690,Good,25.446,VqEpvrd4kurQES8FDj6MV7RtxvfeLpF6gV4dasfUFt3BwGVLhErRYZV768HEhBt8VZuJFedxmL9Xw8Y
691,Good,25.461,N92wY5Zht7eS5pkBEsdroYnSBvPXgw9k8dwPNgxe7W6KbXLPACojkPdWSnUYrSqGvzKp3JaRW2KmzLT
692,Good,25.643,sc4ZL7tTcXnvVBZ3Yf5s2VfCsygcRM2ZpGhRwSKWuBHe9YzaB8wuEo4BWu9pKvWqQcJFyPuVGT4MyJn
693,Good,28.331,gGnNPJDz59UfZyvNdBfDETFCfc6kWaKuptnQ7EK4h5pBtMHwDrskcwgKrqHncdxjzqLfQY2mJeYZBwQ
694,Good,28.952,reS3XrjKH6N2gWacjnDoxPF9DMrCt9DbU5G76xV57pNfFEx8c5MDQ4Td3HX6KxFBfVmqPT3pj2c8G37
695,Good,26.035,bS6AWHzjDf7bGyr7a8J5qM7H9mp7BeGJyZ7cNaPWKNaQwrtuKEvF92XP4GdbU8SY298trqUCsuh2x7N
696,Good,25.646,AxXP82Mmwb6Zt8qazDfJGSpEPhmNjg3vh9rGwWHe3wDMCrPdUME4frJsTfXLNWDg7YqstRJBk5wRLVn
697,Good,30.067,hV6Bj8vwHFNepwtGYoba7m8tXu6n4KsTDoahUMjfwoKs2URfM2DKdR7XLnxBJ38W4bBVLvD5nW7wBfa
698,Good,25.689,j8ANoR4C92LYZoK3UXHN3JkeoZch9EyNrAaKbTn9GLUao5J4xdcGgrxYs9zZcAwV8rZns2DdNu8REAe
699,Good,25.098,LdrQBDHgGM6B5rzm8KePWTu37h6EK2gxR8JpEjmzQkuCpaKMn8qPV7QWFjm96UYNntq6uYgo8usNfXQ
700,Good,26.976,2PEeVGrAzEqodBnegYwRafnu2QoLcheZLBmxoWMGUVPyEzSTGBDdL6VmUnEbefpKPT9Br3CkJFLX5wZ
701,Good,26.051,bkQ9y4XwFNBqMyRUne4DdzGYknM3ZtXaxuy9VP6y7ZaoQH73ZXDpHmdzYMreWzk2b9S8XjEGDYcJq6A
702,Good,26.045,FEvnoXRtTqknmrTNVnYdKkn3PjacHGjL2Q4bnMYteQ396upAkUz5cJuZD7wmLGZuWzvsaAFZW9Pjdsc
703,Good,26.461,Rzo3nmaog8HqrhkN5U84DXrQjkbrvpmUYt8MTDA3bBC8S6c4FAKNc7nCA96uSeWsXxmBQ8yCdPNfmKu
704,Good,27.043,DZzTWHskCSvjWQRSkguB2U6Wru2fDLRgN4TbSCNK9p2Q7cqWEUzVME46oWBtfNkSxCW9HPsgz2pEFuP
705,Good,27.741,sHBKwUSmsFwPtRonjA43zLDf4rX8cNtEbTjpqFZmwN896cjMdyPKzGQZjPtneDKS8E935cbPYzg5dbe
706,Good,26.097,9S2LNaxKCpnEH3z9UATVykE6R7cvYg5qrcgMNx8Kz6vaH3LNpoBPJqCFSK2qRQEJaLXbpGMUL9pCoJD
707,Good,29.678,Bw72fFdQjmVe6utrRwJtYuH5qtbeKNFjh2RSU4vdtsSqoMH4bDqXRMtmZwEbHYVLEcZ63WQoBzNCgUm
708,Good,25.517,6dwqMQE6X9oh5SZbu32wvErCemsV4efDEtrxuRSrdL4bsKpUuVh72wtKkfsB2bkcLmqdkJTEjeHD4ga
709,Good,26.454,StsHBVgjMZhEx2zCXjT7uqLCrGHXfuU9aTRA8caT6CJgBZL58v7gmyTzcDBUd2ZhmtGUdTQtJ3FsM8y
710,Good,27.203,ZEfBatETzcm4rCTu9Kw75hPd3rGKMswXmerF93HWJrpDGKZht5x3weRgB8Jou4GTZxC4LFpjuzZvfrm
711,Good,26.071,Ew6N28UXovaFVnUNvZHrapk2Kyf7rkvK4YSBayVQ2bXg9Qkxnf3jXVRn9xe246LoQM6USjvaNTKj5HE
712,Good,26.151,QpSJNH3FhU6wqztgmveZRwqAWXhRuM2CtQZy6zsA4npcxMuSdTaN92kHzjmUVb4D7GdvzoqQ4DVhecs
713,Good,26.658,JVMtufFwA9yLcZ57FsA398f4o9eh3gzu7b5vStWGcYZpG9ctoJXPMz2FPNGa9ZkcDeL7rHnzDeNUYhZ
714,Good,26.929,NjyPodhfkqo2QLYwF8BeG2zZu39SztLV9e3AuK4wbL8UaAu6T4ALFs9ywpgSq7beRqfwUxGrp2FZa3N
715,Good,26.039,rPHhL2wFEtsWCRzN3SpeThw7Bx2GKLzgtCyjhUFX3JLbDMNxCZAbXmEyDR386gefxBoT8GSnKXU47kn
716,Good,25.009,dyhZbsfgr2WwhJfdgzGPs6CEPhVfkKaZLcoap9ZgjJepVLbzMspNV7hvcK4XA7famEdFygZjoXgZ4W3
717,Good,30.687,cSRDmqxu6FHeJ39vNJwL9pBbTysgJqkAG5gNUVFRsLm9vC5MrdmPkJW9CYfZdC7ag3xqzr6yLTDpmF4
718,Good,25.319,PEf6Xnt9yxzDjwez5JqjynPekgRqp37JPW5LhqM6dtym8sVgpUoP3q2BLsH54VakoWcruEn3YzxS8UR
719,Good,25.883,2tUnzPt4QVzvuQMkd67mExHRjqtY8Vs4myKQPdmo42T3DNGYwCK7bQofejpo9eRg6J5E7WAUTrNdPMV
720,Good,25.257,bPx2XQBpnKGwmJ8AyrYpbqxYoTcA7HEQA32h6tGBdNWTGs7cTZC7hUxvaYMEwAsdFzvtSYEkXKPUdR6
721,Good,27.475,eWKGNm2F5rRZujsS2b7uC9JWLnuMxsnuF59YRTsuyBXTNSHJU7rCgTL72aNUs3gv9dwTVkJP9oN8uC7
722,Good,25.696,C3YpyWmSp5j2JHuvWpageXLuys2MdHgyf23ZadnYM8qhmrB6pZydXBcakZb7CEtkBm46P5FKNrLjHq5
723,Good,26.463,Uv5zeJ4G5k9Y2TDrXR6VgGuE5csWeLxTG4YJoKQW2FqDeMny7qwQFNAz5BaxtYKEupgsGRFKPoXz8eb
724,Good,26.995,YMjLxz5f8nJpARWU3thEJe6PnzEUCXpemScGPfFytwUDXp4st6TCQDhAqbojv9dpE2jnUhDuH4hbKmT
725,Good,26.741,Mfu9XqtJ9ANUPYvcekTJUFDpXhvJ46Nag5AKtJS2N5Jhc2Pt5xfCMo5rSLXyFSxcdubV2aARFK5EAY4
726,Good,24.587,LToeQKfSBVnFwMed2FtQTH8Kc56kxwX9BrVwCKGdTRvbUtnvmKgB6AfgEqmVatxyrKJEx6mvA2LsJTy
727,Good,30.039,SkGCQ3p9hW5y7knNtGj6odyJKu64CaPHDsjwP4p2tmoSPDyxZNTW6nNFs5DoTcjyfdJez3qQwtMd2e3
728,Good,26.243,x6shzLKA3wReNa3goLvxqs2LpKeo4bqEwgdVxQRwhBoq5afPHhGEsFg4qoV9jZ4xCTXf3Jzg9PDZv3j
729,Good,40.259,YAhZE4JmLzgXnxWdTpvYZUCpnNgZac2yLvP3oCr6Q5CZt4DxrqYkE84vzWsL8EgakrEwGWsXwukxfWo
730,Good,25.246,9wKgErFKJGVvE6fACWspfrevGaYEf7dKvPG495cqCWYvqCHfn2Xg8SZoBnMmKAynG4CmJVF9u7UmwNQ
731,Good,25.074,uqJAyFkCDz8Ah5WkGN5pxChTbk4MCtwg7xnRrQwJcvPdraW6JBdfyrHzgPMYATDaBGtUZ7HeVRTxtJg
732,Good,26.082,moSrVXE2krQEVf3AnJwFREoCDTWh2HnCFpjgfM2R7uA3bpmGLweXMkqUAhdBzGaTdZMEmjP9HVnKmua
733,Good,25.355,7vTrFu56nFT4hEdanqB3o9rAHQE3VMLHSpR8wMH3uhtHsovmzMnPb7ETjzeDRtFsZvyJp3tuPJQ9fkS
734,Good,26.972,u8kY9FJMAbuvUzjNaUVs5DGf7qUmdYcFMnDfzAPbTSvhJEcCTz4c3BZyjfCSp6hMerkxsL4ypMo4ucZ
735,Good,24.948,n3Z8oBvZc9EsHTqvfoGurp3ARaNm7pQYt4m98dYeEv2oA563KtFA3Be9LucCSBomCrvsLcXqPYvQWrB
736,Good,27.287,Ue6wmB8FXmJuz3dXYUHA8CpgdtwDNE5Zb6yXWYApX9ebKgwhfpMeV4GDgPSCKfNVY7CohA8s9ToqCBh
737,Good,33.511,UWNoP4qpoGdkZmeQkZufnJWdhPHEgBxmCgSWAdU9FETwhxqp642FwtESqpgkFEp8WDUJPGEvMfDrAZb
738,Good,25.773,8ShmfRco4PuK85BcgtL3aNzxLe7SBDR2YQ6aZEkyUM6YBn3VkGWFzUvrE8kNr3FjpEkCcJWgPSeYKUp
739,Good,32.737,6qTVMgPJ2NK3ctQ4n87wCx3VSr6CkBZTGpAFfjqsocMpth67seTXo4wQCzSPxRawNv82QcHKq3EH8X9
740,Good,25.949,eBZTMkYoZx9gJnquxfEVu7JxWL7kJnG4EYD8kjaS6pqrGW42AKhT2k6BNaDxpVZQhjWtgcuToNJqcQk
741,Good,32.875,LmGrsyYwKevM6YU37FKGs32m47jvFmdBkpaRNdr6Wn7Ndr9zcyNXE4yGs3xAD4SLVs4ke3qYKVP5XZj
742,Good,26.911,RU2PrcnhKFxW3ky8MDm3QNK4stzNLk7eGUTnDV7bNYXqTVkEgDLpt2BFqU9swVez2CgRM42GJpzdkWJ
743,Good,32.727,JPmxvopFkN8uysBkfhHRUAaXLhjGVFqPawdLCX8rKMWEcyfaY4SXTHwNjE9PHSfY6gcLKhxDTgVCJrb
744,Good,25.892,XqUkpu2XS54NzaQHq6rMtGNHx6LZy3DpTNQAYM793YJL93dfAv7qckb6tp8bCzr5nKP3RstMzE7yDr3
745,Good,32.197,WNhyLJ4ahpDmys6Xd4Hks87K4oQMeygk4evwsB8pH5wt79zCXQ3cLpbgvRGB3rYVqAPeywF4U6Mr9eo
746,Good,26.156,kEtg9AcSzJ8H5RnzBQXncpHkuPym7adXqwRrksaPJQofDVpPGTfxP6SJwtKzUZojbGA6PTxJdNBkgYj
747,Good,33.348,SDvMV5L7BRSQaXq2MtfGzs5rxFKvZcky26xUHjNGUEBnS9LXTRagpVmAdgz23wgx6Y3hKnS9eo3DG8Y
748,Good,26.148,oqJXfUMEj8WsHkcwWrMHLVk9gFyuN8owsAvYTJKmvGhEz6xeZ3MVxTEKyZebzmUhAHkrXCgeYN9ZcQ3
749,Good,46.196,sLFEBDYHUjPVDbs56JLzaEDWt84dVmu4q5eWQPTkAgCTYv5hpLsA9trnGsUDJ4vsyVoH7qykz3Bu87C
750,Good,25.467,s4EyhtA7fnyPUfs7M5UWZMSk8Q4pVw7dgbHzoxUq8FAQrauKdMU3RxWhqtzcbWSz9QxoDqhEeTGkrgc
751,Good,31.067,FCjV2kDE3MzQfgjCBeupAUTsNbx4fv7VBsq8Kkxub5gKrBS3aqmvtzGZwJhFPeNxy4E256hYugfaRko
752,Good,29.833,RoFCpbfG83hQF4J8xTjC7A5SVkF2ncUERvSyV8XthjqeyQR9P7HVRswqEVpBZNKyG2JbVSDjQVsoFRk
753,Good,29.256,hJKr4hfzjyJXtHEJMedDKN2ncFpY4XgkVCQsXUZnGJV4D7Bze6xyd86B5DtzL6uHwB4dHJEaCf8heEx
754,Good,26.263,75WaAvtPj9KgVEjaWC4HzFb2mEWo2NAZpRujPmJpYETjbnEFaw9ezbdVXqG3MVTp4JmcofqZCwvBm9S
755,Good,29.403,QzNJ4UTM83RYaontZEezYGPxeg4TQpYANfbYALmsJR3PXypCUL7JHmYnWZ96Sd2XLaFRBDTPNXEfnSd
756,Good,26.551,9A5JQ4ndCNkYHGj6nYeCWnRc54Ngn85UbMhs5xQrCejEtQbTDBpVz7AXnqV9Z6YQqE5BzyHx9zCMsob
757,Good,29.047,n4k3LMcuJop9FcjGuNcVe9pFLwW9A5bpPAYJH3cE5ftJaXu5NzQG47eqYzduPM9EZ82uXZ9D56tYkEv
758,Good,25.747,oWYjVkRNre8y5HXqosUJXjh54tX3fp9KmbRDhFwS5LUaTgA5NwbrcTnaJK67NeBQJbFxcum8Y6h9pmu
759,Good,27.259,Zgzveaf69Am75LuPM23pTn6aBUA69FbeKRhnC5W3vTE7ZfXgK529FpNdUGe9A4Kau5MkK6fBaFUzcmw
760,Good,25.461,JWRrtYpak4KU7coe4bTN8gvBoepb6ytmcoPQWMTukhnVY5A8nmkPCM39oEZscyAQnFEjsShr467CFg4
761,Good,27.228,asf3UEyqD7xUCRNGQan5VPvKZMjufHWtxbrKcH4TGwqBy7PSULFVdur42TEK5kDfjhnGgTwVEJYXnfN
762,Good,26.322,M7jxAnG4qypAQzawxRLYWgaG2B5yuU8QSLaY7Ms93YJQz6AoSW2xkCW3vFD6dru8oxCykhLe7YKkL9y
763,Good,27.369,X34PWhGVmTFpKm5MdG2fKde24Nw3VjzRuWxhMDEFbdBwanq4cSWY4XCEcVUbRsSx42gX54wbDCAyHGv
764,Good,26.881,dD8yC7mdeJHRSby379vjgpLEMGd4BxAGoMFDXemyW9Rxw5pnjhrcaJSd2YWAPGcJLxnvy3mR8sSMQRY
765,Good,25.885,hxYF6jRPf467aGVR5EpKhaXxkCK4v8h6YTPqWLDrVmRXn5HN9XARUgGMmH7YcKpSdtesBc8vZR2Uat6
766,Good,24.730,o8SMV729jveN3AmgNXhkyHLh9mvVjzHBFebrmjqZE7dFuH2afsxeXFoWUpNLF24GEeuFAHsBGmeandJ
767,Good,27.409,S8daAmhcBJeNUbHqYvESpk6bJPNVaCegHsYxQ3yvjHwVZ9aBtNLZjqCBRuXNB8nLMts3J4PeFcHGsPv
768,Good,26.162,tDdQuEtyAYJZgqCJo3qfLC9sPgtqu5C9snFV7ycKbV6UtvYuCZf2aMuvztSQrYdmnCZAwVrqs3knv4Q
769,Good,26.590,oHEVft4H6yqMZeAWHSuJLt5W6YrbKhzXxZwy2WzpYyb3WhcgbX4ZJweMNXfnyCpL7Vc6Ry4eQ8GsdyE
770,Good,26.886,koMVUQncTMYQ7hbYNxQgj9nxKewHduCPomYvR5Ex9BZaEFfN9khHgApjfFHqLsoVBS6Dm73Ktk8MXsD
771,Good,26.196,HuvrQh6eZaswRQakALGo5Jvdwz4KrkMfPxBASf6XHUq3GsJUkm2wNAbrBUzeRCbQZTdtejb4WEqjzG8
772,Good,28.490,rPBgbnTrvy5Br68MqSesAhPtwMjBHFbmdN5cqAXH37s6QZBymjYZ5dRJAtPCShqWgdBeq5XyCzSdXLt
773,Good,26.037,Pajd9Q3XWkdBwZN2vRdgqfRudJrWMgpx64H8uWArZG3Bb7GFvwcuBr4SteFsq9X7VdUtxfH9FYXtCLk
774,Good,26.554,YnXMVZe5vSHYBkX8ez5FosCudzQGcpEhjH2L8FkSeVvTRgztdscSpADeKpt7CxyGg2UdWugZs9jmHVE
775,Good,26.029,bqsHCvXDwJMTqPK3CvgBYFNpZABbX7JD3F2dxSZoW86ktNsaTV8ZRmdcrCu6mZMCQwHTXNdHWBGSEqw
776,Good,25.410,QzcuyoaNtyWdXhf85mHxhNSa6nJR48aFuV7vMAxCP5vUtnKgMhz5HC4gfNeLEb6XDRnCkuv5wEhna8q
777,Good,26.100,nDzT5XutBKXoazxVJRhWN29CMw6qjtZ7fQzHWeupXHgwaF3HnUqXTYLzQrjxDaSuZE4k7MwurztbQvr
778,Good,26.337,tqWF9eG68Y9CZzAY4vNgTPrYCN7qEKZPodWsrtYLAhpBCE45qJpZbq6S7KPTxnLMfCEcHGNJ9WL3wvX
779,Good,27.424,Jbo3BXYJWd7qTkmJ3sdbqzUkXRsp9gHArKUejvbFLhfpaX9qE3UbDwTHdupsKyV7rmaSn6CVdRx573t
780,Good,28.603,KBpycUJpotTCRqQpxC6SVgpU9MNKocjzCKEojhJRrkBcdNJoYLymWVzQF9AKJchNeKAPcwo6nze9EQX
781,Good,27.403,3oFdj9Ec3HJs5BApSawAKHpQwqAKmtbWCz9DjAhxUXj9MKTVURvas28yTLYbrfZQg8JpPz9MbWuFRjf
782,Good,25.820,tkscLAZoeW4EhxoMHCVEzHKgmaynHxKpCoWmgkTjNAXxwuAUKwqSrQkaLztKwfrMPC4HRkjbCemHvty
783,Good,25.432,ES7QWPH3dvhscFKLyatMHbBaKhAcntoC7LqtfZCBt86dpUjNHvQC9a6z5xMpHYzB4pf5dbSpXrcKefv
784,Good,26.028,4fydR7Hu9UGfZPuEV3zkXrcYSG8W9FCLfg7phHW7Z8LqvT5Dk2tSJLWA3owmVBcPsMHqUro7tRdsexD
785,Good,28.703,2qdbX2s5HJ6B3F2LBobtqMBkbHjCkgopq9GwoY7hUNbgDeJX2Nxp6BZvYjUFAcPaMdCfoFRQKHw5ED3
786,Good,26.108,qzR4tswhgM4kfaFqTeXQcbPFnXE9kJASZVgpsu8yt7JbYC8mucxAZXoEchmu4TGFgAkuYaesFnPVGWz
787,Good,25.400,3pZFG4WDxXebQWETMNQXxjDHAWPKcatg7xUjR9ouFAPGLVaSzubJDFkREuoLj6u5Thts6NmjyBADsLX
788,Good,25.745,5ZWAuSUh8EWA2PQN7tUDLNBFtP6SrbBoTCcVESZMtxVP9ZShpMLGtV5BDkyRQnUVhMw23b4aYqztaTn
789,Good,28.649,qJKaLDd834eqTLGCkeUBndR4Nw6Wj7EvKkXGaWgUkhpG56rYTbDp4g7wrq6g5sNZ6bHNjL6SpmWAoKn
790,Good,25.052,qam3ZpdU8f5GvpAUjEVxAtNvy2Mfp6XmBfbj8EoYpZf56E7orLUahY7MzDhb7pCJTEPMZWea7JkMTyt
791,Good,25.072,c87CUxhJsZGP8jw6GbSxe4qY3ac2hPDWsJSH9M56qEvXFkAGKJHfaKR7nXYLfaNxosSm3hMeV2caD5N
792,Good,28.464,e8uGbnJFWvaknMXwdAg7xevNCVJ3gsptufLP8BvErxUys3wzFxXrM3ALfDGdQgoGqz2Lgf9v2FqaXTb
793,Good,24.946,M5xNHgG27QbwXa4Eys2YQ7L5hqQYspyDLxSc8bKAcPfCz7sqLawp2CNVzLmhPktLnDwVuZPcsqCnETp
794,Good,24.881,coPqmAXtd2Lghq6xJtuYhM4no586GMjrBPK5pFoQj84XQHrod38eRtkCramSRd7gav3NEptb7Uptgrw
795,Good,25.399,aMmdE9hyUKvS48su5YN3gZVDY9qTmoEVRmskQfqES9rVjcR3wgFTJfsq7mEHSpmnBtRvYS8DsHTxuYh
796,Good,26.902,7zoCrSGgMAm3UCDyTUpwFSEX4y9YP8DZ3EJHSVd7H9nRVzc4A6zgjoxcGH7N6M9Q85qZCTSJKEumcH5
797,Good,25.268,h2krc4UybcVQnbXxvmt9T2GJExV2BAnNgR4t83mD7WxMrztd72SzuTxecjaUnkJQe2vsFrwJRmnBSe5
798,Good,25.235,gyuWqXsRUqSrMdUs9eYny76xdSw9yQ43wXxcpouxLaybFYVf8jw9nr2xgLF5SeDvcxZGfPUzoyneFWY
799,Good,26.620,NpxRQVf7eKGUbNjL5ck4JoDYQj9sBe7625n9EWeB3JkUKQyMtC4NEAuRBqVw69MLbgkoLyXPHu4x5Zt
800,Good,24.251,Fv3SubnmGpUZ4XdqkDfTzQFuKUcBr2wq9DPvrRkBY5e2BvRjbBCwP9rcSVKnmhFqdnWSyBPNxayPobt
801,Good,27.745,tNLGVEwBjK4V9YWQtECx98NkLY39aZMnLBsg8uRM9cbaYv34rZMH4jKyq5nktd5wvKNAfDCrvNGt79F
802,Good,26.478,JWK5UhEca9HbwdPAxGQTjNBze7UYdGB9cTuxWRzvL7sAfWCFzU7TeDGHCdAZxewKdLbyZ6xBzAgPU3v
803,Good,26.561,jTdaqsK9VCDUYvZ97u3febyjBMZKYkTXr2DcnWXxr7kbJM29Fm4D2c5Yfux7bqLh6dHeru38hD9gKS8
804,Good,26.473,7qSckJjD9CZb3aNzVkxWCAnde9ML849KQDEN9WPEpLHctS5vqc7EkoRzGkxDecsLJuHkbWQxdAurRYS
805,Good,25.721,UbnjoPNMjmt65sLF4gmJH53xK2p7mAf6HaVPR68yjJbVmgQnv3ufLgdWhQ8mM9vSz2nmKUStWyPGr9n
806,Good,26.471,BoaV4q3BEF4vzcXWpCyNncVgoqxfpmtDQFkNAnWM8dKGz7tJuWwB8AqJCMcRhPKGZQmuxyjRXsWfykD
807,Good,25.418,rQ8SLVPZFrxo9jJUKMAYdNXA5pJ7rfcyL6ShQEHdNoyEaT7oP3vjENBkSRpFcYrN9bCXzv5H24Rh5dV
808,Good,24.834,jrbtpXzcbVxYQar4YFsPtgKNHXcZUWu342ZfCMWeAQ3ze8bF3cjDCfSegAWCH9DeWhR4stUrJ6Xf24K
809,Good,26.350,BZeft7KPr2F7sYUQgoW25GmbBstYwznaPu5VF6KbatfLWdnTut8GS4DsNZdS4AbednY5brLYcXFRoPX
810,Good,25.677,DtXuAmMhz8QJogwTcAahBZ7RF3PpG2NRYe8gXLHCbDnYxRbtyE9dr8wVsfUTL2X5HRVnPTfo73v2Rk5
811,Good,26.869,dpGwL4FKbneUHCaXVq92ZoC3hGwv7RfY4nZDCAEqfUjchQuMJn9qHuTV9XYdVswHx7Rn9yksH7h9nPf
812,Good,25.683,nR2bJ9azdbRucSVak5L3QjHLdfEKrWCGvj8z5g2M8QfHymUJpMSuARTocVpRGZJ93UdfDMACm3oWqcz
813,Good,25.321,WEArxV3jrthz2Dya5WwMBJeHmPNTuKsofkBhXDWc2FB34Xqf5ejJC2MpotWX8YHNBcx2fSashRZGrzg
814,Good,24.857,b7tEVkb4J68bQ97WKFPht37kj9ZgprTVhYFtZxJc8mNy7eoXsPdjAHeWK5Pbmn3zM6W7vjQRtumcjS8
815,Good,31.401,dG2vVn8H9toSjwtZDCTUjgCToLvuCVFEwbPLySKmeRDoyhksvDuBty6DgHKzNFojdGhgkv3qyTR9pxm
816,Good,25.248,PyVW3vwG5e4q8XoJuzNE5CbFKQPUbGw2Xc6TGsetfJW5DV489vXHztLXPmfbpxrCTebUCVX3ELF5VWb
817,Good,27.705,z5LuXQtVCPU32qDtWAJdrXtwjhrDkqy7AaXMqcebLX8h7DwAWkK29cLXyh6RUnoD4pmVJUp8QLWxAko
818,Good,25.689,xkfntrXbMLS6WtMvqCoYgASqxL97fkgxEDcHp4eRKzxp57k9jdwSyxhrXdqPY6GsM49eBsGyAfE58BC
819,Good,28.862,MvfCsMYNSL9rQvqweSgJACwsG2CTAn3ouxJwnQRuCDdG94MBnaLpvdPrSWQ28EWDB3orR2v78CekG8y
820,Good,25.920,ovFU4oRL8GQpJzdVDjc9ohGHeCKnH7FoMYXrfREtPBeHh7FxtHuof8puHPBV9ThLoE7WDL5UFHA7ExY
821,Good,27.892,tbDeFEMcRvpYLbqkpWBX7UCxndLSFbRaQxfv4JFAtT4386PMgXFpwLCRjyvXSsLQVoXyQcMR6js5uph
822,Good,27.260,7erD89QPDunhqVv8KgYyUVwSLuCP27dYp8w3BoPNJcE5Ra96n7LGJrY2M7EAwXRpKftjFLTNRdmLSNA
823,Good,26.094,HMd3LFNs2TmpgxoFYPuKSDQUft2LqkxFjS23ZTpoRJ89bTFuCNdAcyJPgoWfKsxj8etvqFWfB4SVEau
824,Good,26.068,8YHRgMEzbW59Nuqzxt7BdMoANu35rvGNbWsfmBdNHFmB6GPWyfZkV4cLdRTaM6ujwPgzBKPws3XkmDF
825,Good,26.280,BfypxZqcFHJh9vkFXSRuE7oU3eMAVKu5nTxSw7EV2KFSgm6CfvQHtrKLfQEwSYnWcvxjVLZf42VCU4Q
826,Good,26.284,CNFhu6H3DNxkmYLHwsbNL9gx7sufwMqadytz9nULte2oERWMsL2NhRmBKEzgWFvpbS7tx49QCEqPaA7
827,Good,26.865,t6SEmNwunVBWzZVqaWKB49Qu35E7MzdSvYK7CRn3AcbnQjNuEzhLBSyzV2poaegbkaPY5L4XA9vSPpe
828,Good,27.276,SKZjnY68bmSVjemBNHAwb2GnNcwtXMyuRVxXPZ6fanxEuCHyUz26qwaCvVKmLjQvgJSxn8sDQBPThcZ
829,Good,27.867,cLAERWKX8vgHAoE9W2zXCN4t75qKxkFXhLAYGqJFQCavL8Bqpvmu7Z8FUTbcnw76CKbEjQKqRwLc8v6
830,Good,25.718,AK6UjLvQhR4wWN2cLZMoEKqAXHtq2VkADWHsdzoqnMc78sRWGJAPTLDue3ZhMVKdLqrxa7gdKCBYH8c
831,Good,26.085,zKLRhVNUknsVoxYus6ENrs4jCvLYxCPKtv8BHGm9NpvatKwuY5Ha8XmHbLypGno9t57GFs9PV7kBmCn
832,Good,33.427,DJBtf5AHcT78UeTk9NnDjcanX2KBabANemz32c8AmN2CEosRcaAhS3VCyFzd8tx3FVKEjzNvVQEXrL9
833,Good,26.658,V24jnoDL6bU7EemC78PVfdahQkgtjqCQDcjbm96CNeEHpboV4txWbBMXeksEWfyjw3ep4nghXU5LZ6F
834,Good,35.454,r9QEMnUhK4zTyBW3HJaskySuExayXWuj5e4NFcazLgr2RM5gNrMCTP92reXLKxHRYTGJvorjfCGac34
835,Good,34.964,WsCbtLxWnvFgx7Yc9aJFCMptHVsBWUhXJNQhVofEFnmQtakHDBwoRpzXrkyDnmYv8rpsH5nvA7hCdX5
836,Good,33.837,TZyj7Y3kq8AV3Wn6FTJr2bX5mwHvWAyT5qZL94uyvF7EWHN2RWMBwFb5Koj39wnFXcRqbQrgJyLqs9o
837,Good,30.647,ZgHzYpZGcAefRH9dvUP8x3pDGLxY97BTz5L3ZMktm4EdK7WHJpLhmsQLUgNTEqDdNaMxh34CXEM9kj6
838,Good,32.084,9YDwrbTpYEex4H6ZNhwtcSFVAWNksazhKJx5vec89YPj267LxfguG7bqFEs67PnuUAorFxuEDfcZCog
839,Good,29.739,zBN5DSrdGVnpNEL8kwXtDmqVNJ9ocaNnVEGyDJx84FVBLfnaK3rMvZfjzHECApGLB29DJfojvKbkAL8
840,Good,32.729,sceojPwq2oTmvNws5V6bJxnuVTdWnuY7DUcpQdysrhUKfxjq9Bxhp24P3cMhSq2WQscPkpq8UE5LAwq
841,Good,26.615,SxbBroJyuCgM5LdKrQ8z9hcLQEptnjKvULF7QeUF8rGNfczkQudbx3geXDJAY8BQkASEu8otBzW8tky
842,Good,31.480,63gzUCFKk7gBuKa6foDPAymRtvr7YDHQTcVWowdCeaoxvEKrs8E6DgNTcogZvaqFh2MeTh8b7UmwqVJ
843,Good,25.859,qYjmyUeScyZbBtAWXSFjPs27pRDd3y4Dpt9BvrX5KVYkD3SMqYrapsoJkPN86jg7DSBmWfXLUhegDUM
844,Good,30.933,jrQZbgusRqecd4NXY2Wd4PVKZYLkjEzZ4g2RSvQZomVkeXEgUwpb5SHZTFE6n2cTzfjDsoxq3t4weCu
845,Good,25.744,r3sygWNevtSrE49PkChRznqr97XoCU8wZGqXW3hKtz9onvZ4BLcM2QCAyk9hcbudR8Nk2rcY4GwzsVU
846,Good,31.312,4DbekS3ML4JNzEZDxYj3KmptTzjS2Xqk3r9EGfmuCNaJr5dGkYcnB3yLz9Cm4Bebm7Wa9q38GHXaeBY
847,Good,27.233,J9NMPUyuezYgDf72czXDBswh3Nqea6zuxh4asM7hwdV2C3hbXRT2JHQanBUh9nsdeJQ4xRgW5f9oHDC
848,Good,32.514,bRU5QPCDpXakdrmcskRqn7posma9BNwJDakEtzuqXGAEtbk2dsLAbyTpQfmxCbjSgCFft2yjTe74R3y
849,Good,28.597,ob52eqURtPqbQU84ag9WxeqZhoKWnf4ThS5nZmCQf4UEzqjSb6NtRoZKEGqXmsvJqBDQ6Gy4Kmj3EUD
850,Good,27.933,PSpgrohcS3zLyktEJuRWSvCBrRvhpN3GgM6cBqW2XD7nEzs7emf9XrtMmSJcRgHpSPVZLnyMFX5kx7K
851,Good,26.524,TpZf34BmsG6K8aMdCXDqnvcSbPK8HtwZb9pz7AbUaEk6UxuCAq4LGEosDd8TfrgaCLDPKxJ2WwhC5Wb
852,Good,30.658,XLufwhUkmqpb45XN2wkQ3EhKu5vfwWdV9FJN6jfcuA2dgYTfDyJKHTp8nxogEy8LUbxvKSRGe3NEmQe
853,Good,26.290,aWpM65hkRM6hgBUtxgVea53bvNT9CZzjBabGxPrCcdHvE5W7TPCfdNaACUSRJfrbSTWZgQt2Z8oHwT7
854,Good,29.237,xhz2Y9RHDFQbPjNWt26xKSjkdzesYagnsTvPkyMbo9u2w7HgenR4JvYVqy5kz4FrMG7y6mt2z5bTAHE
855,Good,26.281,MYRqSdpVb5fKURwvFcqyVKeqpanDhepGc3Do9byvLw4PVMgjQTwkW2NusB2kw6QZrbNJwo4ngQRUcPE
856,Good,28.198,AjJCDoMnEPse3oUW2jAEpVJw43FTGq5MLzTDY2A97ombRSGEzFvjfpd9QJuGT8hwSqxALwKHDqXZgVn
857,Good,26.248,4HRALefEjKXCZ9zSAvdHbQzsxfDz5je8UyqNtFvUEk8sbWQ9AyzsTb3aSW8bPfQj2DFJKRpsxX29VKw
858,Good,28.672,nmvN4DL58VWmRTNYcegMuAvH7V6yxGS36JXjynaSZqWhRbvoYrTGazvbuGyEJPtVKyokDPvEnjp4KLZ
859,Good,25.801,4CZ28WLSoEfruFGCWXktKBXZFsNr9g87JcQMRPAY94FW38XAh3STPcYqk6EhaWfJwt6oJFVtvYGEAgH
860,Good,29.497,RpedKAznQeGjDwmvRfx8EX9STZ8zRhwjVRcz6Vjc3ybXTJYsVMvk4qYKrgMRoyBQMRdxp3ndm98KBQe
861,Good,27.302,L7RMCrd2gPL3ZHFD73ZhWFqj3uM6bA4k3hct2fk8UMJahCQMjWruY5GWmapwPSRfjnUEaSbrC3fHTs6
862,Good,25.634,TJBAcYf3T5RKYj6shE34QSt86PUeVYxtj7KVEcbwsVLehbgmLctPusaEShxuVAzXswEbhXwZq27tU5D
863,Good,26.336,ZCfWuTLrFDQ2RjxBeZsfYAba9RgmM4AeNKh8tnCaDEYJka2RDmACE7UT5Jd2VrzvncgpFdahXTkG6KU
864,Good,28.143,dqrKWbG5Mfc6v5qakogFmp6tSMYP6ZDhTbj9MTKLyGkzU6KrA3BvZEQsqRkDfsVWTzmaP6ZyxJbkESv
865,Good,31.692,bmKf8Tuw9kzQCJGFYv4fwRj4Keh2t5jHsKrufEwm74Z2kzXSHvPuoUjhWcu3DAsg2aWVExtLTqc4rdb
866,Good,26.686,u4GXmSq6AjJNSpxG5Nwpq8PfvNHyCSfny2hcHFq2w8rs3JwAWzkNaw32zD5xKg2rpz7hbErNx39fwD8
867,Good,25.746,qzAUEmQAtgXafEkh6yPuKtNqATWZ9ufvw9quxZUzSwdGauFxLXD47mTUuQyB9AmptF4xLBZUbL32o47
868,Good,27.286,5XeqbY4df6Duw3mx4dp8UHurcA4VRNTdBez6KjpNWxFzGXCFQaEHAVvnxMbdgNSmjtBqnTxaY7Up2Wn
869,Good,25.875,ySgcQ2NJZrXxokNdVp6aGVACSufwvMeNjkoEmnyjV3tbuZwU3YLcMhmo5KTZBnzQ3ETxSvoJhSvW8bT
870,Good,26.221,mVFNSfvCJ9m5KpfBu2QWpvausBWSj8VQt9SXspmnzxHWJwNTZj9Epy5VeRJdbKoWLXJTFQmf2oVjDQg
871,Good,25.022,ncS7mhDnM4QawmVCboAHURuzJ4FkhexCFpL2sedqENvsZFcR78EqdJArGbp8CnENVHadU6JTDGeBZDa
872,Good,26.254,SbDGmMBAg3kHjzxPrq7hE4VY7DFWLMs87LbjdHGgMuaXhxmE45thKMsoJ5Vq3KnpWoMrhYVUb7yJaBb
873,Good,26.573,S3fVuSZymKHnsbcfLNzmADcgot53SCNn9EFhqCcRHD5GmAPqaQJ7RyDxGhd682h59tXW7eLXV29MngH
874,Good,25.721,XfKRguEfNsqLk9p8AgnjckZwPs8V5dkYvDw2GcYEznkGxV58qYjJXwDhudTCGsmHRYgLx2fHgszAT93
875,Good,25.712,b9fTzeMLCdEWR498ontKyR3HbTBzsrSAyk2fg75yHTMqrHBX3KoRPZYpcWbTwSGbFpxVq8bvk4yVfnt
876,Good,27.041,dmrZPXym37GZKe7bJzu3Mqw5UvruQxVdWT2F3Uz8QdZ67EAzSfZ54MUD5HqTDokWRf4CNZSv8Wqr48S
877,Good,27.900,zWjRmXJSad8Rw7kBVv5bsBuEJpPqVzsfLXk8mBJa5M2eHtBKGftHUxLcs5kEnshRvjAzWJ4Zjky3RJF
878,Good,28.141,XnDZuCNMbJg7dKN6B7jZfuw6eGbXanwKCZowLfDvxCKYsVy9TF5stnzH5A6vyftwbujJzafnrmvY6nX
879,Good,27.819,r2eUMYcd3v2hHDkF7RXgSeLqHAnZWspPbqVMTCBGXZwnELyUujGw5WMVYrHDdJ4myut7VeLHv3e59wE
880,Good,26.352,4EBAhbRfjSeMg3jXDCPRbdD9jHd3AMEpu6Zk9ntr89GMAzNBXkgunaj7B8TvohwDZfv7JEZejd6wSRz
881,Good,25.929,UmYTGtSRHeGfAXB5zxZRHjcNEKRMs3vqMTfUCBZmwF5fEnwJDkYALB6FgNjBEYnVzxEdjwv9pVchqeA
882,Good,26.260,G5ucDUgVzA2kErfxXVA8yTRPQNxZnsCA7E4sGtHkMK4qprJb4QM6xneMzS6NyjGnmFRzNMEWfJgQLyw
883,Good,26.258,JBjw4sy8VbKRjQd98A4WCVJnEwmRJhz2jkeZwoDYG9XQJw8VPWw8NnR75Mq4TYsp4chNzFSnPKQEgcd
884,Good,25.449,ZfBRmeqGxJNRYvpQchPNadcuT69VXaY5TH4aWcshdWeFwoZdx9CheTjNGbuw2czVnWhG3ur59B6ZXMr
885,Good,25.755,3vJEr6YxgF7jDdET7vuWS9QFhaCdvEGVJPMhTd6tQjzyJ95nFEGYzbyXdkLsb4Q8GXuRxmCYQZaGeH9
886,Good,26.992,PLdKEbLRkrfPASa7YBKCyLGTmn8ouMmkw53hzDxY5kXxCn23tBXPZA2bfcgeYF6bZ3FVNvGxSQBUv3c
887,Good,28.440,twqdKmb6vpBjcNtC3XTztAPRLU6rczoCpT3cqWKRtxNaZhCeqv34CpQ3aGPcb5A84KURWfdJjAMByuv
888,Good,27.372,Y7U4puhYqrXExUTAv7Lus45ZLPaB243jgDzb2EFWdPpumnvNQfuW8p7eC5saUfgwyudzHryQdNKxhcM
889,Good,29.385,Lz73tgxqahQdNYELDk3qVbQ4qSof89Wk2JrqgCcW9vNQfDroHtsKr9CQH4kRmf5dWDyM8b5CnKPb73z
890,Good,26.435,ymTfVZ9rY7jLJV5QMZUL4hkwANcbr6QveBcH3mZMNufKjQmbGhKX6DrsVZuN6PoWy4vDgr58qwEmZuz
891,Good,25.899,6xLJCmHKQ2pC4jtvzY8LAEcC3fv2SK9QeRGYAnT2VhQ7eAyu3v7mLEr9tPSsExtkcNdsWXV3Hs5w6W3
892,Good,26.197,r4NgTqEWF3krHnxtDunbdQaqF4fnVAL3ECoVm2eHgRSTyACgqsNovzgsu3YAyDjJXb49G8H4ZxkqnTb
893,Good,26.475,fuPLYhzEnCtjAYu62xMvXoSBqmXPzUo8aePGzuR6rvSkAyd26Jjfr2h7Kr6cyvrFmh4fxAC5yq2AzGe
894,Good,25.495,TvXfrZ7mowvyEzf7rmhTKpqse4CcsuB3Lt5XHFnqrDp7oyMmd7HGqw85DjLEAu63Gkhvdcq7ApDhPMQ
895,Good,26.454,pcZo96db48LqXS27tCKZ9urMzNfZv5ELzbK37apJPeWRM4qeKP6QTDN5uwvZDq84Ay6H89TWALcYa96
896,Good,25.769,a8dtv3mHgJMBs3z4o9kur2qHpQZgBYNEwJmhuwKg2zWVSDhHNE5ftGwknM9Gw4doFqREPxjK9yvT8VZ
897,Good,25.372,hPnAxe4ZRTvDbwGjLMkGTBMEc4jspP3MoeuqrkHwgWrSLNW5BqGa5mxtJkUrmE4zwSVF3kDxh7T43up
898,Good,28.171,tJvmYTgL45eEZWQFPyG59uakNfeYWQfLbKzNhweacBQAzZEHbWYxkuUALgBpdPgN4EQHqBmdftLjWVa
899,Good,26.290,m7K3qPwYMxbzoeDupavWb8dxnRzJxv73QJzG67RDawHysVeK2RSPdMGDC87PXCd8LoMnscdSBKW956V
900,Good,28.233,C6t7FQqjGoWfjCga6VKcoBEngMyKkq95CBmR6oh3PWd6DrVLfJbhRs3cmWzZe7WmgAhxoYf5vrHkBed
901,Good,34.466,EvMYf56TLKtzVxuXdBqZSrTf8By9x6e2KaPc5JWQAjRvSrbGgSBpdFA65cLdNp25hScD3UJXrsPMHfr
902,Good,26.422,h6nyUSt5o3MJ25awk3pV9UaL7qH9C3fqEaLHNG2BydsQbUnGKXw3Ndb2oJu5k9qbvcPpWogc7erNxV3
903,Good,27.071,DU4dWYuR5xbvAytMBAG6z8nhgF3dmzCjDKAQb8VfeUpnzTqwMg6d2wVS38YsauhCAtp8uUbFP3BL5Cz
904,Good,26.513,RGrH5PRWvkMJXpRQaP3wYWvRSbVJvtnBFPrTC4Wty9swTUnjXSvH794ZaYtLjBhGL8ZEn6bSthzbGDn
905,Good,26.735,N4WJKPRqUCswGg3hsuDQ4vtxEwWz7jmsSveZky8dopxVGhsDoju9AUHnFW2asuLFEyvWHG5FuPc7ovT
906,Good,27.392,mMehN3r68fTyPFRxCwbRn32Vqz4FvmJtXz35nEr4S5nmRvQ8wmJ69rRgBz2tfNEWsZ5GKXhsj7rEnH8
907,Good,28.185,cp7jJ8RZhgB4VCUbB6fxaezKr2T6a4KhgEWyD6pRwngKUsdD25FgJnGxQYMHo2Uw7feXFRQAw8qy9XP
908,Good,28.478,nC4XJatg2Bv9YAVtg8JkNGrgaMHLEKBQAJrWE9BfhbCsokXpxKRCywpm3TUszrm7JALCKR9GEpox4yd
909,Good,26.077,uRGJwcmVPkDMu4qvGaw9jqExAUTa5LbroTZMyqFAhjQ3fBEG6urZD7vJxBwqYkdGjRSur8BG9gwvDWx
910,Good,28.100,8r4h3DwX4Gob2DJ95NuS2JjAqaJbXzdcVbMhGvHcwUnYsq2vdBMDxG3a5U9DnLGZ2j3HEReYy6m7uRv
911,Good,26.050,h47ZbNBkrJp3vQ6LAnZT9Ff4XkMRaBpYoS5Q7mScFZGmWFQ2ehoxQ523hyZYasoNcG7B5DjV7M84cBd
912,Good,26.547,ujTqcJWhyzgR59NTaPwbCsT3uyjv5sVzCjks5K9ZQYUSqkcKJxvSgkXYf9CPo5La3ZmkeDxBvT8kDPF
913,Good,28.614,SPXw7v9NGPd86C3mtzywHAJrvFqXCxdJwLDdmnK5fbZpeHLvEuxobSFpA2ESyZAxJzyGHNo3mgsCRnh
914,Good,26.600,4NnREyxkSwRFp79Zc4EDMz7pjnb5Mkh68smVMKLxevfMQsGmEZqhK6DQ7rbX4PUH7oMTsRgaocU4VTH
915,Good,26.157,wnqXzKoGxAcay9vspXaDbpoYqjEHsZbrn82gorRXyuzsDedJtKBadEpRDWJBEwzAv5Qh6sVDM678b4a
916,Good,28.183,TeHuxRAVLb7mCTBARHZbUNjKuZ38cmnvFzcdDgjGwkJontvSAPbZXmE6wjD2GXszT6bgfNjyVfnZqAk
917,Good,27.632,bzneRBwCyptAuRxWJwdeACazMAo2N34R7HVGcNzT5WQgEKzaVkEZxvkKeV2WgZ6AaXJgRMHASoLGvJd
918,Good,28.212,ChUzKcSsFNA4yDBb4FmkA5v8EobJ4N6SpDG5oVdpRvy4MktmncrpahYDLUoEFq4vVYwKPtG6sH7E2W5
919,Good,25.037,azjHSfcAkmEGUDJbG8WonmhE7Fs8KpeoAWpB5E8upKvTA82PgzmovM7jDUauC6hmpCvFRJ38awu7G2t
920,Good,27.369,LNvHGAoZxrcWbQRktVGEHeCfzovQDkHaNMZt7Xfs8QX2Fa8JLFqmDcxdSnh3NBxDYUkJqmVgwH8ZR5Y
921,Good,26.596,u2qSr3eosmHpo6D9ZwqDgxCdwcfWRp7hqfSNtFyDZfR4MuAQRMCoP4Z8Sa6KrEQfCGNbTa98n7fhTkR
922,Good,26.646,D5BzwJFUBbNKQpagXQJWz4mbdPRaGX4tNDEPZaHU9jLrM9jEgCsNBZXTP2Cr5DTZCmVS7xA6e4BRvrP
923,Good,25.357,xUmu8sQHED84GseJHmY5B7HSsmfX9xRujdBQYfL5VmczZXywbCJ4Spm9nbfq8Ez6pFW2sGmfy2LHv57
924,Good,26.947,EX5ABQNKM7Cg6SdTuPQzZEByujJ2n8Yk6RtPVuBhvNeC478dyGEj7PXYaDFb48gDqBAC4ey2SwTrqP4
925,Good,25.474,6ZFWMfZEGeyREwmAZncrVpaRMnJN7uYwk5PQoDej9pTBEQcyVewmrtvPMw64gDrcd3WuHeh8WAGQHWq
926,Good,26.279,ZpMhsvR38bVJZGQanBcgSTd5CaSKWjrGFan75NvbsxSWHDfG2AnExHVsofRdFeYtND9cTeYQBxcHv85
927,Good,26.331,cPsThU8qK9HEm5w6tT9A5vFQYNsnyofWQJ5KNF9xWjD9MaLwHyNXrJb5UkV7su2vhF4AGYeLBSb6ryU
928,Good,31.807,3fNDbrBk79taeUNRZEnQvU6rAgd5qj2EyhUpAZSDMHZ7Kw4b5cP48bteyqdFCSKuo4e6uENUMjLetzj
929,Good,26.432,MVJoRSK4Y3RbmjTKRFatUdxFR6gWBq7uT5pFM4evdcVBhyEXn9z5AoKPGfWLTqpoDEM68wzBbDsFcRn
930,Good,28.170,VEtpTbChzUdcZqtVwRWoQU3TKvkcQS3NxqQM6XpzdnStLZ3Cfv8ZdUw9SR8WDLjGm9DFc24rwzPBZjK
931,Good,25.799,E6WGmSA7NP4dMyu8bWHmDonfW9HqRpKrad6fJH2tQkUZLyWXArHqBRsjPS3Q6mEMCr4NxSPQ2wCTG6w
932,Good,26.324,9KEVmqa3oSuxVpkKAh3FedbSrk2TzbDX7PRvAmuVH8C9cDNXrYSFDh2Kw8yBVbTq7rWX96HtXeYSPfn
933,Good,31.848,GkedjnH854noCJUZkA3J5K4NMxZrenoUWuF2z7CN4yBwgfaJFHyG8qUjVRwMZbRPTSDbho7PBV2apR9
934,Good,25.095,dBLpuGBfMnkxrREcfQXAFG3QwHLRYqCmrZ6haXRk4TPKXdCtbY4TZ89zPdDN4vToWCkq7mxf863B4vF
935,Good,31.070,B7UJTaXS743k6fumq8ZLvuU53zpog25AjgVbpRJzqt9E2DUdkh9zKxXhcbSPtAp57MQKVTHC6DjwCUJ
936,Good,27.493,k4wc5SZDhCpPeZAmuvCwSr7J32Domxrp8D4VqyEjwQAdMqTZNM8nwk3zTCZWY6N8hgWGQE7LABrb7Lh
937,Good,32.876,RcAyPWFTRg68CSoqPebX5unPkJqxQ8GMAgnFhJGc3tJx84tzNBw6eyvknNZdAjxvCuAqJ6TRb24EZnP
938,Good,25.497,BwfJQsEgubdP5qcVRkTHdao6NJLEUTwxubmvoCuqBXHEfUr5NMhf8jH5FgAMbopdmN2hgabDf2qEzWY
939,Good,32.866,2YjP6Fu3HKFa9f2XqwsmgczZ9FCv3gy7RP5fj7Rryqu5HTW3jQ28vs6AFPmQdCbJNvUznKpP4bfpPqF
940,Good,27.354,M63TrCSgWNPmTVGWm8ejQ3AJp5zx7CZngtxdqwZhuJwQv4MpkfX2t7DKgwLckTxEhgmp5LEBdtN34Ao
941,Good,32.223,EbFfNyz53LbV95QHKY2AuHGCnzASLBjJDGKfELS7PFfDzhAymtgYpq7LMtE3QUYvM38nUprbeBk8wgz
942,Good,26.201,CQmhF6PMCxSRKgqVHa5poz4qxwpQ5jwZDpFwXDcrG7uWvCScmwLV5tTQ9RbHezG2jgDM7t9DpT4JgXT
943,Good,30.464,7MWkcoaVsFgMTPVEuSgpLXT4qFoxGesbFWhMrwcyJrUXECLYPXbuxDrR8UW5Bd2J8nLEz3rgJMzTBk5
944,Good,26.274,Y58oWFVp7LuwpdZqPsfdBMV43upVYvnfzsjdPSL5bJTWowRH3M4ahcMkpThYHQx2rGudNTFEDCfN8Ym
945,Good,33.292,jb4VAPkrzgqZah8MFX6YvpQThAP2nxyeZvmnMN3RYkUeAPT8RmMxvnBaPWzNtvK96wWj3KCHWE6rDAg
946,Good,25.810,UmnVgctxWPjLzZRMFjpXqw8QyEGS5TB7oEfHmjYdHQVgcXS87Q5yXSfYneb5gNLUuDdAHR4hgmrVqxU
947,Good,29.007,FEguSbMvzWpSYDkjG3bhQtx2GcReVUChvYc3JB7fxUVM3BKdmyUs7ZeVAUPzRQKDoATgNcfuQYcAJh6
948,Good,26.194,TM7PfYz3d9K4Xx7NcvLC659W7npDSRE3a6F24rk69AE7nYSavQZbEoYMjR3svjN5ScbsFUuLQD6yCtg
949,Good,30.631,bJ6etk57goSUJpbRfvy2XK4hNMWdUAjHvzYVwFDtQXoeZAfK25VMEcRQXgPZnfEJhSQFdKpuHvPCwMy
950,Good,29.414,PRdKxG2JmVGM2hqFWLy87bRodq35xZAX7SuVgUvshPAzR2sJLQTC7eUZ9Pw6rzLtwVAodZqhEPpBo7q
951,Good,38.264,4CZYSoC76SfCJuEvP8FgGoKBMx7FBqpcTEd5LVw8dGrxw7aQ3BrvYPXEz8QZkXpaAR6C4MUpq4eAJfu
952,Good,26.891,XgvmYGPA2Kk5uArHmPdtrEQ2adrDthv84nesdtrasbSp7kjEyTZfpbeu8nfP7Hmx6zWMZGtuCRVwhug
953,Good,28.686,KoeCpDqweuJ7oPFtTXcEw73tFA9hERqdKHSayTwNst2h5kWxR9SAWqnShCqNacb7Docp2DNAfFXLRAr
954,Good,25.509,3XsN7gjvyspQxWeF4sqrP2as5xHKRPBJt2pu6cQHUgSzZHPeY5vKJzPnuobcG96ruKZbgj5TJ3eq4Cv
955,Good,26.994,GNDhY6Pw5mbsjaH2eSMyZJDfqhbG6TANGp3V68mKXhQEKsgA4SWbrE9Bs3pVwAZjMBLm7R2MQueRk4y
956,Good,27.858,qyGKTgBnbwzcnJgksHWcaD6yeoWS2wozy9pZSVf5m86nbYg8XPuLUCXRK5DL86UhSyB7fsTzbhB4UyY
957,Good,27.707,ygtcaQyvsxcySdagu3q2k6GQeyXa6dnRvkPTDZuxvpQ4MD7fPmad79AXR8gVoNvJn4hfeVatR9JdPv8
958,Good,26.432,xGMbaHrZhSUevcFy8fTCDKhc3Utu2E6xnVmYze7C3qcxeFPgBw54u7n9PFxoaPj7zuNjpwEBR29pWEM
959,Good,27.390,CuZtnbAVhKG8WJYLruktLBKJ73cmYVwXSpmZ2qYHVE4TtVqaLs6XnG2sPjpgsJyTkpqf8UBVbYGHzZm
960,Good,28.232,jZSaRUE7b25kAQgqjvkXRfm4tNavgVXfjCZxaoDhKTFBxt5KjEmaCxYrD3UL5fDaNKRvU6rWTxZq7Wv
961,Good,27.290,RjCbykLEf43dwhNkXJYc568y3FNRK68tHGyJfuUG2PRLaqfKDWSQKdYUmMhsW5jJptDEnySmqovYMjC
962,Good,26.520,jKvXgfJdc8jNVRhXNzVvwGsHcthngr6FSUk8y34FN5qgyHMVWUyzvxWpYEvjz5RBdApjgV7P2ZKTVgN
963,Good,25.177,Hk2yEQBtXMkBbwd5jYACvWPk9vbGJyc7LBTrC9zwhg5C3aJMqCNxWnPFchmXCuhekA4RqfBM8xq64A8
964,Good,26.568,NR2neF7YdeKwFcbP5Yn24vZX7PSJCKmh5HQ4jdboCqpQcLErm5kZ8zF3JsUMG4PKU8AyJYPtsquGDkZ
965,Good,26.973,ver7s4S892nY6EVa7kFCtWbzuC3XTp9fXq4GTXm7FxsZCVS8r4LCHQF7bzYjq98ZofyRsZveBCAfFUK
966,Good,26.664,ygvA73P4tdHfW2GnfQqp5VZbXoSE468SecAyoeV8ZmobxHn4GhWM2GFmbwePKkLhEBXFw3tSsQr7nBX
967,Good,26.491,adjmp5UFaLgU8TteZ5wqfbt9EJWqBzabp7JKMvWx5VU4ZL2CNeaZ5Cymjv7ZVG2TwfVPsBTrfYpLtx8
968,Good,29.855,tUxqpZFHEceAU8JzVB5HN7CWxyRh46UtRnmsUKqrgW8TrmjRtF2vmnDSTx57Gf9BYhrMwDQjqYdGp8S
969,Good,25.775,WgyPVpjcCRm6J5cnVqM26b5YzcxVQuAocpzH8my3jEmG3dwL2CtZE5zeMvHfmSJbwmdgPjAFUTPV62c
970,Good,29.533,ZfX95gAmyc6Y9ZdqPbzUDM7ApXxTKy2vp4qmKu84BXd7WskVj4CWTa8PJCMSonEmJuj9nSFoE5nLakF
971,Good,24.601,AtEbJctY8fdFH48vRndKTex4wp7tGSW9gMvNopnLdE4ZbCRmUdzajoPqDaYMtJgZvWn82x3s9WM5boq
972,Good,25.731,SCyFBzxqybgstQk5mbRYFxsCaQpL8mvKsNDtJbeTdsuYUq2HQ86dDcTvpuKmsNqWAfMzc9uEkF8ojxD
973,Good,27.436,vNuUafB8pYUcEwbNFp2qQnF54qVwEamRJtuYde4hGofTaBSxeGkzfJGyawqKj8sL5CryqKWveaYjLoC
974,Good,25.287,yYqkJGTnfZyXnm2CzWDMPrQuHZonDeGMEchp8qgVSGHh5jYBonJ8UYRpAc4rLhHTXWjfnrV89ztrdFh
975,Good,27.454,Lp6vF7XnZxhRYZ7xPqWbnyfEN8RbuHW4CFvqY7QLGNajnkLaVRTWJzhGp53HMXWTLGHRYMNnZzwYo2h
976,Good,26.092,tn2eKEkQt5AN2apn8Vrzt9P7pqyTcbGYFpN3UuWxjLG9rpaRnGd6HfGy5aZgFbUAYF6QBKwGyq8J3My
977,Good,26.687,GpZ8Sj6GC3rAzPRjuGPKDjBSVcFnsZYypzomU9AZV2LmZvPoyUhCgnGxydUQRmAjZ5eKDqZ2CTXDxFy
978,Good,30.052,WL8aNy964ogpK6n34QLVxtJ5yfCLZBDSEjJL6rT4RbftUkNbVAR52nBCmrvwf2jQkwb7LREfyrXELb7
979,Good,26.623,cgkEoGngMHcazgRU8h6eEPhGpAdRMEysWp89KENvygZ9DmeaQ9E8cVeg8GJRADoyEKhR8drsQqJHmY9
980,Good,25.821,jgTEVhQusN6QrZnkH4pAGg7hdxMC5NXkxCeV8MwcHLFhsNJYZbNehaYuHBztDsx9go4WHQJr2f8aXyR
981,Good,26.351,74X8YZnKtLcZnw6kZjz6QRMBUJzmVCaAhbDWHwap2n5xJQ8fqjBoFvWEdUHR9knNcfCaejZhFf9jnxW
982,Good,25.069,veKA6PnZVuvgoqHfhQK6odj4Z7DHMnwpuGnTogmByzdQZvUWGAjFfUpWXmsVB3bunzmXCctD5oHfWsz
983,Good,27.023,cJZurTCtZVkpPaAhLra3fhrEL5Ajo7mTnHeW3qvCGWjY4yFmB6Cymq5aUjvTbFsRCG6oqe5YvJ8SeF4
984,Good,27.468,DoupqwMrD38XbPhzGjBf9L6nEP8SwtrW5D4etRJ52tEKk4oMmHuKREGxtZKkdxJtod6fGPzkTMhvcUE
985,Good,25.084,dJ4V9xEmgcMJYP5RLtqGZeR5skEazytYg5hpZgbU3AoSeHs9qbHKjMN839nYsurtxmcpQznSVPZz8j2
986,Good,33.388,79wLs2unQrmD37LH9wBfPXgLrWC6M3YqaUNP5KxHYkjv2xcWgrkQ9BpYaMvKcRqxuhGVaPJjGkUPbyf
987,Good,26.970,xM8thV7kfZgQd2ANxuVePkcsjMmER8HpYfn3dzbgZdQ84TwjMoL5XjkeB9Vs2UhS32yUW48xFMtq3xe
988,Good,26.541,Yf8bcoJEHNCgyFVatyjKBG9LeDcCmN7o3KQnZbBaCEmutPE29fKxV6UcboApKgyjLMKbTWwJH7ePbR9
989,Good,24.575,hHKG6LjkhWKrHXWFvrdVBqp4HaU97z4Vp8uzUDeLcFBD8PUydewhcNFdbMxtPkmfQBCJnfusMS35omG
990,Good,26.624,tXMZV4xsN6UDyevxMBWN6RHY7fekRT5K6nBr3XS57pMRfjAwGQS7nzMsUDgek3hEMvfD4nMa3CzTUt5
991,Good,25.318,pEStz3eVFpJ7m3N4KwbFsv7cQCv4YhdyB8GRyAMCP5Fabdu9gpjvJ3HydwGk7gLU6nvDJjYzxhCwA52
992,Good,27.002,XjzaT6cBEd69m3HoZYqXUK7rAm4VN5WMKD3g6MSHzU6LNZPz4J8hoMnJaqCHwKRhaxPGc2dELTnuxYc
993,Good,26.404,pr6vfbQBz9tDcu6EvKuLFnJdvfbqz7p32LHAX7NpQXxYypLnzC4fJX7cdYT3vXj2wDYN7tfyWuqrwdN
994,Good,26.247,DFZzN8H94L2EuCVBenZQpeFWJwYMpCUDqVHsTScX6MxeJFRBDJXq4t2yUjrfytVAn3wUHRcTSzMnT6j
995,Good,26.201,P89LZPqbGQy5thE73QqjVnCsvo2cjDrRA23ENqwHct2UT43NxjSk67cojx8gLGot2MExCAwMJS2aUhj
996,Good,25.654,8SvhYsaFXvLgMo5UxW6dSRacA9emCpFTZhxdGs3oFeuMaJUqtGBwcS8QEYhJ2a4PFAUMmoK5sQhyL6S
997,Good,27.864,JxGX9mHFLpcZBqHG7cEbfAQCTFzPBXD7aGrwshdSj7xwJpoqRF2sjy9VabC7TL8DAPpRt7fNqEdTbMs
998,Good,26.344,U9bH7BtNMbqCd9FWL35y8oU7uNLM5xZL6Kj4YPDyxbKEB8nHzXJbRqpeWtygTYBdFTZL76yEAfcd2tP
999,Good,24.963,56UC7fdjSx3yqW7c32HgUnKXY8VtMhzZ4wc2Ror73F8fXms5knQRjSJpUGePgmU8YvjdmByXuEZFBVm
