value_last_recv,timestamp_chg
x8nDcGt25NoVSRM3Bmos3Fj6Nymu67PnzamgU45eWayDCvjVMFEu84LeRFHbsYDnWaZdSGxh8jMdYf1,34843590647
yKkuJgFcsWxQMbw8XLqmVFCERfvYrqGtTSHn4FQ8rHd2AVfvNFyKcEgp2AUEpred5JpVdFano7hNRL2,34843915948
mck4JxNj7CE63qcwVeaWG3mYfyG9bjyEcgxkUF6EXaAet8dv3t2dk8ven9FkebPzZJX9tKUaBdKG4v3,34844239249
nMhxE86FBrGyc29uoUxFwJkYacFxokzHbY6oJbMR7nbNkhmLVQbBfZMqvezSXd29WE6Um92yzeHLy44,34844561216
nTVYF68fbc37W9jHkPNcq2tQjZr5De6kWoDJb3aGZ2H4QyRWg6kavjExpNYk86W9UeHVwWR9kJqK3T5,34844885851
fUJk3cEoNMrxcJKgQduXYkxEev85HeVFC2YmNbC4dHjocea9J5XgKG8fDEFdJfrzmukhU2Csc5bNaC6,34845207152
g59j7g2uaEJTVgt7ZsBr4qaxDVyrLeSnCy7PgH3E4zTcLgrs7CdZUWzdKfmrJh5weQjZSy6wDX7neo7,34845528453
PcwNrGtWkRXqpLkMgtocSbfB7DKUb9RgBbvCrhjDw9R8NbCwrsHuKLoMzhUTj75qXtKHZdCF4ebPhx8,34845852421
AXnszfWxhMHPQcyEkjdS5WMqC2L7RuyTMU2WzR42nApXo8UMFAZCxpqJm5XZ7Re3vsG8je6wKNpBwT9,34846173722
amNL4JBqKsPWebqtJe3QMPedQnaAHxSm7wtEmsfaw2Rhsg63SaCNXrqZ4XtpC46thp7ogwHsvaoN591,34846495023
DPf2jsYBXLyWwu7UyrDkRVdSTb7Dce5zmwWEKzQ5RV8u6Aq4FR2Tv4BhQb75p4J7jPozwpA9fgXaQj2,34846818324
nkfy3V4jw7WpD29sFoaZDnv5eB3xLjUQRSZUDPstRAroTcpYjfS58Mg3C8yeBvkXYhfpz6rJD5GmCV3,34847140958
PpSZEtfRFZNreYUn4qGyC2a9QDd86WvKgf6EkGrxBQjas9okdrVNoLwzaCAQhVsnDK8bQBw9SAQYyW4,34847461593
oa63VJPKDqhc5zwpyqLVb5W62XdzKvmZL4DMGRmTA2sSU3bNkasnB9tD8oY9SEHRBvkgD3UjLEMgeC5,34847785561
hU3wJ4UHQopm2ZNkC2pmD3ourZg8vcmZ7LVGbYSZNru2mdnWAeaNBdvKWLDzbBP5tNKokPgArvGJ9y6,34848106195
v5f7TqnpSCePJzQTyWj4Hyz9davCMwVxEf6DPGg3kE9XKacRvY6GDq7yQzqPs3VuWvaVj6PuAGQUeu7,34848427496
XqJcQF92nuWFBYsGeVDJf9x57s9eKdaUbomQFpUVfsSdX4EzmYPEURKJoUX9tqJUCoWwbAzrmxqUfC8,34848749464
H4vPV9Kdcmve7VBJKQrDXEnpVbUxFt2z548Cc3UzPCVywgJLv6EsX2RWeJAS8YMd6GPMTwysUJCBRy9,34849072765
4KmUxwGfCqp7tTgR6z4qS729GVYPxQFqjGVEYrxjMenzEZv3GKZ52mMtUrasSPZjQJMa5zJFEaPJB51,34849394733
VqEpvrd4kurQES8FDj6MV7RtxvfeLpF6gV4dasfUFt3BwGVLhErRYZV768HEhBt8VZuJFedxmL9Xw82,34849716701
ZUnkxygH9efdtYPfsJCbrkBcjNvWBK7hru6aJxRuohAtZXoQPufrySJBkVv4mcWfLqdkSN3nZyW4hc3,34850038002
YjFwa2bvZUwCWHKLchs3C8A24R6PbHTWUfq7FUxB3FjDqMsF4TefHvgk2f7MdpCmcNXP52NFHvTMsf4,34850359970
N92wY5Zht7eS5pkBEsdroYnSBvPXgw9k8dwPNgxe7W6KbXLPACojkPdWSnUYrSqGvzKp3JaRW2KmzL5,34850682604
w76Y4hu2QKdJhozvDRZXyWuZJ7HeGBcKF5UXSNhA95dY3nrAYhju57L8tmnVHB8btTcyrZY52WaRUZ6,34851006572
sc4ZL7tTcXnvVBZ3Yf5s2VfCsygcRM2ZpGhRwSKWuBHe9YzaB8wuEo4BWu9pKvWqQcJFyPuVGT4MyJ7,34851329206
yL3m4Fc3g5ZWF28vyt6rVMtCZ5u3AyfmW83twK9fMRTU8AbwHXFM5d9JhcKrs3XxAQ3EBh7LH5Zsb48,34851651841
F2baZV9tLTRwUj5f8uhrFVfPtEzBQXmA7Yh54VzrhpXxVdLJuYvF4Kr9AURt3KUT8HYzpWQn8jVgsP9,34851973808
gGnNPJDz59UfZyvNdBfDETFCfc6kWaKuptnQ7EK4h5pBtMHwDrskcwgKrqHncdxjzqLfQY2mJeYZBw1,34852295110
NXcCDQyrvXcQEazb3f7Q2pyFb8YGJ5aVzPFfwZWxdAYz3Z7j4tygWsn7mSaknbBZzUe5FkaXoPhgaj2,34852616411
reS3XrjKH6N2gWacjnDoxPF9DMrCt9DbU5G76xV57pNfFEx8c5MDQ4Td3HX6KxFBfVmqPT3pj2c8G33,34852941045
uKhHQo5DnTcwjsCr9StWGPmTXpUZVW9Knukpz2agD6yF2u8EkMYDUe738jnS6cm7bCJSZTxDSvMwep4,34853262346
SY8NrQJ3z5v9WcJ5rxvK3j9BstkKE75nosPL3QYgc4STZtH37gePEosNZJSrv7zVRxaqLygXnYqrsT5,34853584981
bS6AWHzjDf7bGyr7a8J5qM7H9mp7BeGJyZ7cNaPWKNaQwrtuKEvF92XP4GdbU8SY298trqUCsuh2x76,34853906282
vt7EDUzFNMUQpvCc8XztRAbXaCRGyZ63srX4NEB53feWD6sF4ZGdteqmRh8FvX6EohtTyxYd6BXpVs7,34854228916
AxXP82Mmwb6Zt8qazDfJGSpEPhmNjg3vh9rGwWHe3wDMCrPdUME4frJsTfXLNWDg7YqstRJBk5wRLV8,34854552217
fWtQUx3CSgYcytTJesfPoAeuDCSk43g7zydFtEWXLUwRvgoF9fzLSujbXp2f64dpY9vKSnUZQsvAxm9,34854872852
3z5U8ea9d4ecQXWwG2h6q3fh58jnuV8qAjfKdgwpXnx6AUYNrtvA4Na693A5RNKdjXwQ7WAERTQrm51,34855196153
hV6Bj8vwHFNepwtGYoba7m8tXu6n4KsTDoahUMjfwoKs2URfM2DKdR7XLnxBJ38W4bBVLvD5nW7wBf2,34855517454
oFrTpHhWcKJhvdorqwxYS6VZq9P24AjKGWXCKpqu32AnmSa9pQMGJsuRmq4rcbk8YGfBCenDUwqx2P3,34855840088
j8ANoR4C92LYZoK3UXHN3JkeoZch9EyNrAaKbTn9GLUao5J4xdcGgrxYs9zZcAwV8rZns2DdNu8REA4,34856162723
UoLkWGJSMBbcNfGX9c7efKFmYT6zHo9VFxL9zgGZrQkRojD9xdF87ezWV4xcGrSM9mYXFcyMxUmRzC5,34856485357
VSUrNCVuEwb7cKAVXS8omrBRvJKNECvfyWj97RqnBpXQUKm64hDRtjTa4Kdq9upZrUnuXr8qV3exAm6,34856806658
LdrQBDHgGM6B5rzm8KePWTu37h6EK2gxR8JpEjmzQkuCpaKMn8qPV7QWFjm96UYNntq6uYgo8usNfX7,34857128626
2ANhGBmMYrcCPRoZnax9QYPaBRjYgJLVG6FymGcfD5dYrGEv7Qmk9HFuCw2h4z3JrUxVLetU6mjcSb8,34857453260
2PEeVGrAzEqodBnegYwRafnu2QoLcheZLBmxoWMGUVPyEzSTGBDdL6VmUnEbefpKPT9Br3CkJFLX5w9,34857773228
V3WJeANQpcBStmwpsygTRYHB4CyKNZpFnKfABCTP2uzgSeoQ83Ck7AdFLZevCLmo8nHsdw9RKQDdgo1,34858096529
K2vCBMfDznxNLqHhpX6uKYDUwtNBq3zNTk7ZmMzLC8jH26RnYrX9ZwSCKu7ASWkPusUNg3SxJFtAjd2,34858419164
bkQ9y4XwFNBqMyRUne4DdzGYknM3ZtXaxuy9VP6y7ZaoQH73ZXDpHmdzYMreWzk2b9S8XjEGDYcJq63,34858741132
WUuYmNeztGbCExpQekaAcjTEMBr6fudW9eycvfz8oATcMKpZjWzLEgBcw5MV7qESzwqdx7cmoD3WNs4,34859063099
FEvnoXRtTqknmrTNVnYdKkn3PjacHGjL2Q4bnMYteQ396upAkUz5cJuZD7wmLGZuWzvsaAFZW9Pjds5,34859387067
F92BVXuqMHbkTJcNnFV3SJUudXwLbDJFHgtAboFeTgdSwMfB6YXjwygRzA85Bn9g8MB5cmnqwyvQLj6,34859707702
JgDphSAcJbqKch7UjKmgTvrwA9upZXq3E62Y4tAbK9mTJNzAYmkNS8vQcdCTkmF6pasgzkrLqzgxZ87,34860031003
Rzo3nmaog8HqrhkN5U84DXrQjkbrvpmUYt8MTDA3bBC8S6c4FAKNc7nCA96uSeWsXxmBQ8yCdPNfmK8,34860352304
SvfTPFRBhQDAGPj6pUkcaSyCUK8rYeXyKbf9CdRgkbVM7sw5ShMBqazcR45SUJupL7vCnzT5t97nFm9,34860674938
DZzTWHskCSvjWQRSkguB2U6Wru2fDLRgN4TbSCNK9p2Q7cqWEUzVME46oWBtfNkSxCW9HPsgz2pEFu1,34860997573
LK8zZLAyYenqMacQ7JnFrNzmTeUYyz4RvgVQt2mBfjnkBVZXPxJmbHc7PGqZhotYZ3HKfEmjGP7FJB2,34861321540
RxnDXHdu5VFA8zn5fQDREzhVX3pKksQg7cjvxtCUkRcGX6BhrFunL8DrAPxjUmybBXCHreBNsdjFPw3,34861644175
sHBKwUSmsFwPtRonjA43zLDf4rX8cNtEbTjpqFZmwN896cjMdyPKzGQZjPtneDKS8E935cbPYzg5db4,34861966142
3APMHsgYReLq9RJxrPzdkUjWw5bRseFwPtdy5EVZjmYRvQGqsNPkASpo2ZMRquYaPwU4mZeEAsLFpV5,34862290110
9S2LNaxKCpnEH3z9UATVykE6R7cvYg5qrcgMNx8Kz6vaH3LNpoBPJqCFSK2qRQEJaLXbpGMUL9pCoJ6,34862612744
Rht3bveG5nchprSd6tgharDJB9bTwYrfLQ9nk6hMjNrZ9VWdMjgAKbLYueokmTD2JeBT4w9V2ctBoF7,34862934046
N2rVtDkNza4k75ohzyU93puByjsCozhvwEMKu74ECVu5grLyv6gFpfKVhjGkVxJyaYCEWwnY6EoKUc8,34863258013
Bw72fFdQjmVe6utrRwJtYuH5qtbeKNFjh2RSU4vdtsSqoMH4bDqXRMtmZwEbHYVLEcZ63WQoBzNCgU9,34863581314
rKZLSpgq5K8ZSk3VbADZCHxBsK4XWMcbt79J4AZ6sXyWZ73jfQMpBkKQbdnSg7e8hn3LgAocTHFnMW1,34863902615
6dwqMQE6X9oh5SZbu32wvErCemsV4efDEtrxuRSrdL4bsKpUuVh72wtKkfsB2bkcLmqdkJTEjeHD4g2,34864224583
NLvsfyAFqKumtT9gjRyJLP3SRmGr9Rwq36Yukp48hX7vyEV8KPmfS4gtY9Lc46DaCJxpTaQNqdUvCV3,34864545884
GgVDoeN2QZ5vEdBsYMJd54WSkYMPm7oKVj9EYokxDBVakATvXH2mnbrDCFAmncQsJaUnhp2BAY4cP64,34864866519
StsHBVgjMZhEx2zCXjT7uqLCrGHXfuU9aTRA8caT6CJgBZL58v7gmyTzcDBUd2ZhmtGUdTQtJ3FsM85,34865190487
VNduxc7KeYZRmhHcwbaWoSn2qZXVyCdHo6wQJXyE48GkmAn5ufbr5zc7wfHCjNGZmMpALS8xMtTExq6,34865513121
ZEfBatETzcm4rCTu9Kw75hPd3rGKMswXmerF93HWJrpDGKZht5x3weRgB8Jou4GTZxC4LFpjuzZvfr7,34865834422
bw4jG9ag2KNe7uwkfzsrNtoqHvdQfL7AMtTxkWuPeQ4xb8vFmELqVWtZo4qUAutDbw5d8cs2dupxsK8,34866156390
h2xfX6czF3mp5Ds4UTKHGs8d2j3tznsPuJ7MpeTDg3jGL2x74Y2RauFh4E38MPQ3ZKtGePx9FkPHzS9,34866480358
Ew6N28UXovaFVnUNvZHrapk2Kyf7rkvK4YSBayVQ2bXg9Qkxnf3jXVRn9xe246LoQM6USjvaNTKj5H1,34866802325
4kfDBXCnUdV5RsSwUQeaLSw6uCZpn56v2Ftpq2T4KqQSFp7dBXQomn3kwT8W9YghDK9mFb7kReCyF62,34867124960
QpSJNH3FhU6wqztgmveZRwqAWXhRuM2CtQZy6zsA4npcxMuSdTaN92kHzjmUVb4D7GdvzoqQ4DVhec3,34867446261
hkfu2oR8FQGpgLuYzFRKrcvfs8gv7RNFzn4SgMPyzwuYjkW2dsQPTAEy9B4GdxB5Rc2ozaT5sW7Hkp4,34867767562
bh72gmxcKUsVu6WgvbjGmDZw9FVbC3SajQEJRScAUer8JwAYWJEydgDebAdSCDLqSXdJGSk4EB7hbo5,34868089530
JVMtufFwA9yLcZ57FsA398f4o9eh3gzu7b5vStWGcYZpG9ctoJXPMz2FPNGa9ZkcDeL7rHnzDeNUYh6,34868411498
xMGthkPD4LeHApd8yLCcRw6efYJVnvzoqnvTz4cRGCendyKhfYHVFJBQmMCErQZpcUCrp8SjMKtZ2B7,34868734132
NjyPodhfkqo2QLYwF8BeG2zZu39SztLV9e3AuK4wbL8UaAu6T4ALFs9ywpgSq7beRqfwUxGrp2FZa38,34869057433
VfzKJ3vL7aNPJeB25CUNJ8E4caCHsXSwT6JFRWY5nkXW3ceKyNdXhAMguRqasubjJa6MV5jgoZhksA9,34869378734
3Se4PTtmVAq7L3HwNbfSy5n7tJZo6CQpezc7qPLmcsj2qNrZwdhcnDW26JF4pStAbVZLG8Q5yFVDEC1,34869700036
rPHhL2wFEtsWCRzN3SpeThw7Bx2GKLzgtCyjhUFX3JLbDMNxCZAbXmEyDR386gefxBoT8GSnKXU47k2,34870023337
SGuzEroMesQy4No6gfYMKtb4ZNPt6FqPxvpayJHjrSws7XVZLGXT74SauvJQNY3RGrQXCJtkXqQfVk3,34870345304
dyhZbsfgr2WwhJfdgzGPs6CEPhVfkKaZLcoap9ZgjJepVLbzMspNV7hvcK4XA7famEdFygZjoXgZ4W4,34870667939
pXbuLyfFpLxfKjLBDstG8uXKQorWLNDRfdUjEquvgYant4ZEXWdrKQ5ARegHK4aGgApPm6W7jhTtaV5,34870990573
m9xsWGQjZhwLNnXd9fM3tzuZGtMpWkRzJSfKEruZtFxDJLsTMDNPbduYm4jNyR6B5GMYSuvJoCrQ6A6,34871311874
cSRDmqxu6FHeJ39vNJwL9pBbTysgJqkAG5gNUVFRsLm9vC5MrdmPkJW9CYfZdC7ag3xqzr6yLTDpmF7,34871636509
XTmSK8G3LuEv7xmWJ7fzvqY8D5XvaeJKZoH6szjgyuEZWPD72czn4M5LFuQ6kfKcaG6TAhqUgdhRrj8,34871959810
PEf6Xnt9yxzDjwez5JqjynPekgRqp37JPW5LhqM6dtym8sVgpUoP3q2BLsH54VakoWcruEn3YzxS8U9,34872281777
yjGBdqoAMWDy6rXSD97hmS8KXZJxjmEuUhKpyrgshDbLce5VQUBdCLscnwMQPUn8x3TPBzD5ywr2eP1,34872603745
TRxtyf97WEufSyHhfFBEPLZGV5uR7w5Cx3JS4W2KQTuFrP3VZNbSLhYnBkTdhe4Ft6XwHoJ592oAp32,34872925713
2tUnzPt4QVzvuQMkd67mExHRjqtY8Vs4myKQPdmo42T3DNGYwCK7bQofejpo9eRg6J5E7WAUTrNdPM3,34873247014
jk5LvbWKouy7YjTVGDLTzqKnHgaBQWTDo5VxvdwuaLrKWpSnK3FSXBtPAJUxtmdSe49dNejnRa3p894,34873568315
bPx2XQBpnKGwmJ8AyrYpbqxYoTcA7HEQA32h6tGBdNWTGs7cTZC7hUxvaYMEwAsdFzvtSYEkXKPUdR5,34873888950
V9rfFGqEHfgCNde2Q6NL4U8WLJhb6GQsxSLY8JFpMRhfgJqsbRB9HxLGuefnLYRTZLUbPGyg8mvaxB6,34874210918
zApFQk9cRNojKFJPteY9B4KjyLZq6cDpneSBsarULAcQXYfmLjS7aAoMFJShkKe6j2NfSwExAa4MZo7,34874533552
eWKGNm2F5rRZujsS2b7uC9JWLnuMxsnuF59YRTsuyBXTNSHJU7rCgTL72aNUs3gv9dwTVkJP9oN8uC8,34874854853
VnCcu6sgmxaZ3dk6mUtdxwcC3FMLxd3rpYvyR7Le5QtjDSdJsNzxQt6cpofkQYs5frvCST3hscywCF9,34875178821
C3YpyWmSp5j2JHuvWpageXLuys2MdHgyf23ZadnYM8qhmrB6pZydXBcakZb7CEtkBm46P5FKNrLjHq1,34875503455
gETDbeXaxBpWu378jFHCsL3jRzQtZyURG4AZgjFecHM5PtYUN9Cg3y4acLoHqYLPz3fZA9mhk8Vfa52,34875827423
LySsNEF9YbXvsBNyegbNx9D6TNbHorNVYqBvfVmgPw37teB3bvXzPw42Kf6tNKEdpxJvqbWerfV8sm3,34876150724
Uv5zeJ4G5k9Y2TDrXR6VgGuE5csWeLxTG4YJoKQW2FqDeMny7qwQFNAz5BaxtYKEupgsGRFKPoXz8e4,34876472692
gdBCAqXTsJNancre8tw7RPjeK68WbDC5VLz4JBtsSP98Cofv723PseRT53ErB2oFTEamwW69EoCPkc5,34876796659
YMjLxz5f8nJpARWU3thEJe6PnzEUCXpemScGPfFytwUDXp4st6TCQDhAqbojv9dpE2jnUhDuH4hbKm6,34877118627
aWcVNtgznKBVhsjCHFku96TGoAgSCQUnBT2ozEFsZJkGh9t8GcMykZ4FEgqsVH4qsfZYSBdChwr9EA7,34877440595
JKjCeBh47guZAErzbUQsKLUh4mMF9f2jLhzq8euzgcECdvAjPgd3aY2KboRtauAh4bzPJcxd3nrQfZ8,34877763229
Mfu9XqtJ9ANUPYvcekTJUFDpXhvJ46Nag5AKtJS2N5Jhc2Pt5xfCMo5rSLXyFSxcdubV2aARFK5EAY9,34878085197
drVFb85CGnuA9FvYDXevFdAkXGc46Rq8vYW3ZcFP8g2V4ExJu7BXsm2EDzbHKVzCNrYeo4ZgH6QcBo1,34878405165
LToeQKfSBVnFwMed2FtQTH8Kc56kxwX9BrVwCKGdTRvbUtnvmKgB6AfgEqmVatxyrKJEx6mvA2LsJT2,34878729799
8oQWDBKwsWhvCb7tfjxngWmYJ9oWVfZCkvJjVtnaWysbYP9nkdMaSn74BfaWyHtavTWXwZKRL5Qjag3,34879052434
W4ygYU27yHG59mNFRp2kzLU5PWXcRTA6MCbaZ97SDVMTBcK3JQuDnMcEejBWozm8p53PNpam3RjCDV4,34879376401
SkGCQ3p9hW5y7knNtGj6odyJKu64CaPHDsjwP4p2tmoSPDyxZNTW6nNFs5DoTcjyfdJez3qQwtMd2e5,34879700369
DNByqGEWmTyBgQxuohqTjVmGJ3AmzZKjFbhAzcZw4vhzNQdLpGzUX5bqMj8LWAN4pabwx5LJ3Ywvu36,34880021670
x6shzLKA3wReNa3goLvxqs2LpKeo4bqEwgdVxQRwhBoq5afPHhGEsFg4qoV9jZ4xCTXf3Jzg9PDZv37,34880343638
9Eb7HhnbjpDQegrLxKjhy6P94amo6NbAZVxF2Q83ajKdsteRN7s9aPeu8gq6eWNCyJF375mpXWDeLq8,34880668272
WsQtB9F6CGTjB5M6b4kZYGAwXv2JrcWAykwFdBzCJ8nVjtbJHDRFq8kQ6nNPvVo7hLTHFbZCgRHXbw9,34880990906
YAhZE4JmLzgXnxWdTpvYZUCpnNgZac2yLvP3oCr6Q5CZt4DxrqYkE84vzWsL8EgakrEwGWsXwukxfW1,34881313541
Kvakux3bBSTeNRzd9uSVt4jC2qLJChMxDSFyNwmuxCNKe5FyCNB4QMYsDnQ9tFqJcgXfeHu9ofpPFN2,34881634842
9wKgErFKJGVvE6fACWspfrevGaYEf7dKvPG495cqCWYvqCHfn2Xg8SZoBnMmKAynG4CmJVF9u7UmwN3,34881955477
ymexXBsJvkVzNdef8V5x7LXo36En9XvjABYkEoaLTY5HbdwoSa2ZNz6a7ERvNjQcF53qUXu29P8xmJ4,34882282111
V6cHkLuMoV5gKyo58X3uDGhNk7nU5LaRFHE35KtcpBzUxY3ovLkKdEAB7JKhTasF4teyFbsARSBPZM5,34882604745
uqJAyFkCDz8Ah5WkGN5pxChTbk4MCtwg7xnRrQwJcvPdraW6JBdfyrHzgPMYATDaBGtUZ7HeVRTxtJ6,34882924713
QmkuCZsFeKBjucbKDoYQMFtDWBcaxCwFpHXsSoTAN4P6gu3yJFtSCe2rqYPorXW5mEs3pAFP8MdHxQ7,34883249347
moSrVXE2krQEVf3AnJwFREoCDTWh2HnCFpjgfM2R7uA3bpmGLweXMkqUAhdBzGaTdZMEmjP9HVnKmu8,34883570648
pAzfo4DMeoWPGnj8PYqFdMRXEQCKY5tjKGkvyfH3G62uAsDjoXVthfnQRxzCFsmo6f9xJsRKNXYnDg9,34883891283
jugYzkj7egsUqzANQFEMDvdpEjVJWznuR2bVKNxU6BSk96cXWCJf9V5xQ2Takp47DyXoCBRtQCc4pH1,34884214584
7vTrFu56nFT4hEdanqB3o9rAHQE3VMLHSpR8wMH3uhtHsovmzMnPb7ETjzeDRtFsZvyJp3tuPJQ9fk2,34884535885
QeJh6pUj8Y6qSycxnZS27cLTwers5CjU4gwvktbPKQ7Jb6uUnjPtVwUyua8kp6ymwtBqNFngZsT5Wo3,34884858520
u8kY9FJMAbuvUzjNaUVs5DGf7qUmdYcFMnDfzAPbTSvhJEcCTz4c3BZyjfCSp6hMerkxsL4ypMo4uc4,34885181821
6awEWtkoxGw7dLJoWNn3jH6ExpXeEFG2zLc4Cwq5PZnehSqYyCMN7aow9kszXDSveB3tTFfp3aSFEx5,34885503788
RDo4uxGDWFMXBhvwpeFs7pgD4Md3VwCjTAoHmQDsaced3FTSJKVG9FyzknLASJxshoLYbdcNEhZUYj6,34885825756
n3Z8oBvZc9EsHTqvfoGurp3ARaNm7pQYt4m98dYeEv2oA563KtFA3Be9LucCSBomCrvsLcXqPYvQWr7,34886147057
wEpoAk4wt6msjnWP2NGbhmnMvG6Yutq8mWkaxu6gnEexJ3GyxqnGCxwzUKA5u7QXnaYVeGDAHRSDC68,34886468359
Ue6wmB8FXmJuz3dXYUHA8CpgdtwDNE5Zb6yXWYApX9ebKgwhfpMeV4GDgPSCKfNVY7CohA8s9ToqCB9,34886789660
QRogN6kruzHG8ezuKDNeHArceCQaBepCu8HbVe6wKykBw528UuJoChtZSRsVbEM92wCk9LMV23dPbe1,34887112294
fVSm26ZYBwMpEyWfw6HyWbu7aqz6TuhxGvj6XoEvfHeVpafXUJ3gpaQsgFdW5eAPtp9uLwX8ZSKLeR2,34887434262
UWNoP4qpoGdkZmeQkZufnJWdhPHEgBxmCgSWAdU9FETwhxqp642FwtESqpgkFEp8WDUJPGEvMfDrAZ3,34887759563
mH7ePxMDQpbs9oxLtVfqwvUkM9PCpELd7rcGQE9SYUcgEZ3xpG6ULnkNyHaWgeC6VDdParX9Ho5xJ24,34888081531
8ShmfRco4PuK85BcgtL3aNzxLe7SBDR2YQ6aZEkyUM6YBn3VkGWFzUvrE8kNr3FjpEkCcJWgPSeYKU5,34888404832
bKeSZmpr9GsPbTgSH7AgkCQT5pXLgPskRQc6VgPxQDFrtvGXUNduxjYE7tfaArLSDV7oZvtV8MN5kE6,34888725466
4dFea3f7YkeRxDUXfbsuapxsBbkLK3BHbRFPkpzKx9QyRbf53ypcTsNqXd9SVvehWxg7Ewzkg7aZ9b7,34889047434
6qTVMgPJ2NK3ctQ4n87wCx3VSr6CkBZTGpAFfjqsocMpth67seTXo4wQCzSPxRawNv82QcHKq3EH8X8,34889368735
F3eG5WN2uCqSa4XBYPev782PzdM5K3PsY5qezgFNxjLrQTzp3bkCHARQq2A7jHxXL8FstoNzuCpfP49,34889691370
eBZTMkYoZx9gJnquxfEVu7JxWL7kJnG4EYD8kjaS6pqrGW42AKhT2k6BNaDxpVZQhjWtgcuToNJqcQ1,34890014004
qtHbhjePwG7WJXcQTbgvGcqw94obQg7yXEf32pCVhnkGm6K7yZBrJmpvukmjUzYTAtZYvda83jKDsr2,34890338638
zfQANbzGFEauPvLrS6vMZBQYKHwMkg3rAJTv63SrDptq2G7dNyQCkUD5efg3vS9KzTFsgJtaZFUs6Y3,34890660606
LmGrsyYwKevM6YU37FKGs32m47jvFmdBkpaRNdr6Wn7Ndr9zcyNXE4yGs3xAD4SLVs4ke3qYKVP5XZ4,34890983240
6nvQoeMbUk45TtpCH9FP7g958sSnNDaGBfy6qJKXEdPCeVRQcrpykNfmM8q23mneTDZEwhcdqeXBtW5,34891306541
RU2PrcnhKFxW3ky8MDm3QNK4stzNLk7eGUTnDV7bNYXqTVkEgDLpt2BFqU9swVez2CgRM42GJpzdkW6,34891629842
uqHZRuPTN7sVp3Z2yaSCwVKThjMJPLtmjBo2FjGxNDPKe3dwb9pJEF8U7sKBJ8u9soNguQUdytF9xp7,34891951144
rQfkgcDT4Az6vDEdLvNyh4ZxjRNP7CEmbrNXLk4ouYXsokxBaQzxCGv7MyE6sw2JmWRwkCPpbAZ2ej8,34892275778
JPmxvopFkN8uysBkfhHRUAaXLhjGVFqPawdLCX8rKMWEcyfaY4SXTHwNjE9PHSfY6gcLKhxDTgVCJr9,34892597079
wT6Goq8Qw3mK7Pwak4AZGMtJTs4QPC6SwV8jRzaNXR7A2yfj4bQqBpGM8V7D9gzq2K3xXUChMs5wJb1,34892919047
XqUkpu2XS54NzaQHq6rMtGNHx6LZy3DpTNQAYM793YJL93dfAv7qckb6tp8bCzr5nKP3RstMzE7yDr2,34893243014
yGF8mwhbcRBZWTcDQRHdN6RtXfGq7Em5tsEAXqFxQbKZWvcuwYmrn2ChKQVwU7xaht9P5kCp8cFUXm3,34893564316
V3hb5S2qfJVeycbHMm5svgcBo84hbgoMA4ud3JqDbFjEMLfV3rcYThVFaRU8HDmq6cgXstuepTb36a4,34893886283
WNhyLJ4ahpDmys6Xd4Hks87K4oQMeygk4evwsB8pH5wt79zCXQ3cLpbgvRGB3rYVqAPeywF4U6Mr9e5,34894211584
G3BfczSQGVnqsCQka7VXA3DpKVztPwv4WxyZzr9YcJZLSqmQBKynNWG9hAQ2vVaPmgdqBcjftJhDnj6,34894532219
kEtg9AcSzJ8H5RnzBQXncpHkuPym7adXqwRrksaPJQofDVpPGTfxP6SJwtKzUZojbGA6PTxJdNBkgY7,34894853520
keo4pHtdVub6rES5N3chLDNAFbD4UmXKhVqe8asmpKwXFELTwsDfBWTjqpCRazge7Ps4BK6hARy5Qt8,34895176154
kgzJLBFxTYaLNs6yghPEyBWxTzuBqUySYT5H4jnsuURAWbBpvedDXsw7hWZd4oHJPU6KYnUcB8zYj99,34895497456
SDvMV5L7BRSQaXq2MtfGzs5rxFKvZcky26xUHjNGUEBnS9LXTRagpVmAdgz23wgx6Y3hKnS9eo3DG81,34895825423
GLJSMjTnBXVbRLFcDwdtGPpy7GaBs3EukqQmVMh5HQ7WDrCL5WECguPML9ochrpdy2rj6x8gSTvkYc2,34896146724
oqJXfUMEj8WsHkcwWrMHLVk9gFyuN8owsAvYTJKmvGhEz6xeZ3MVxTEKyZebzmUhAHkrXCgeYN9ZcQ3,34896468692
7shukWLqNcspK5eSAEsUGWVKyYEFuWKmeHDh8n64AKjyWUcsqZYgykLZafwmkcFhCpwbsBavF7ew6W4,34896793326
U8mDpf2JgGSZqdQTop7XuGsoY4nBzPLHG68ARjdUnHqQSczFb7A263bQ4ESDNgWUoYpX4nG9BXoJLk5,34897115294
sLFEBDYHUjPVDbs56JLzaEDWt84dVmu4q5eWQPTkAgCTYv5hpLsA9trnGsUDJ4vsyVoH7qykz3Bu876,34897437262
VyJ4t7N2Pg4QaFvUcCHvmTgBKY4ymWuXAxEnyFbq5GvjJtFrR5xsem2hdDYQ2wfPnBJeWkbzfMZQkP7,34897760563
s4EyhtA7fnyPUfs7M5UWZMSk8Q4pVw7dgbHzoxUq8FAQrauKdMU3RxWhqtzcbWSz9QxoDqhEeTGkrg8,34898083864
4ombuKoLUR7EcMfsZK6DGxoPW7ruzJQ6y4gpUDdcvsmTwX3Sy8keoG5SPnZaxfWqKtXGbjUFKnDJT39,34898404498
T8PUQatCx2V5pE6FjrgaLeAKg6SNFTf3dzgHWht9VSkg8LdHCtLA3vbPJrdbxsgecZxgtA7hE35bLW1,34898725799
FCjV2kDE3MzQfgjCBeupAUTsNbx4fv7VBsq8Kkxub5gKrBS3aqmvtzGZwJhFPeNxy4E256hYugfaRk2,34899047101
VRsQ876GCKAk4ySpcMrYwhupzKW8Sk9fh4u8v7y3xu6Upjc3CPhMzvfDZwj8ybLdC9DU4fWyaztAev3,34899373735
Zgu8VCargBS8HWhbSpeJ9f2suABfU4SwcY4aeq6F3L8UgbsXaSNyRVaB3QjC65XotdesbH6msZQwgL4,34899697036
RoFCpbfG83hQF4J8xTjC7A5SVkF2ncUERvSyV8XthjqeyQR9P7HVRswqEVpBZNKyG2JbVSDjQVsoFR5,34900018337
xnPW6djBo46TWYJVeqsYHf3pEvAWDC8EMrLzP3nSGxaVuN2MWHZhMqGVr2JdM7m62QJr8dRwEFAsbT6,34900342971
hJKr4hfzjyJXtHEJMedDKN2ncFpY4XgkVCQsXUZnGJV4D7Bze6xyd86B5DtzL6uHwB4dHJEaCf8heE7,34900665605
37jrFWGaqbRpv5MkDJA7BxotD6zTVgpCT8LHBa5cwp3ZoH265oWDzJ57CaQHnFt9kPY53sFdPHvUYw8,34900986907
WHrLkcyRL9AoUJjHZ5fn9u8WkAHmnSueXgYhGHt4raJFgn5dQUzH7gmy2HhWjoLkBVYPQ25gMebdrH9,34901310874
75WaAvtPj9KgVEjaWC4HzFb2mEWo2NAZpRujPmJpYETjbnEFaw9ezbdVXqG3MVTp4JmcofqZCwvBm91,34901632175
RMDPdhMwYLgeRcCv9Pws5d8HcyZYrjWEGk6HQE2FqWMRGAZ7BvwxQXP5voHxFycXqg5fXrBhRqbYcw2,34901954810
QzNJ4UTM83RYaontZEezYGPxeg4TQpYANfbYALmsJR3PXypCUL7JHmYnWZ96Sd2XLaFRBDTPNXEfnS3,34902275444
kmENDF4uovmPaoZeD6sXAQ3r6tf2AD3eVpZnTEVMNRZfn97aGNjvMmyVWKMuk3FPwL9keKtyVE7vFu4,34902597412
zTtJDkR64AyeofFMLT5N9QC2ASNhQa2ujWtqoePEjqJNArg2h4a7mTcFMkRoqbhDJVfgxpHYh3o8St5,34902918047
9A5JQ4ndCNkYHGj6nYeCWnRc54Ngn85UbMhs5xQrCejEtQbTDBpVz7AXnqV9Z6YQqE5BzyHx9zCMso6,34903243348
5dkThcdMLFPcRGFUYpjgRNAzMC7JUaqfebx6GkLszuvV2f3uswD5nQkcVafCzoSvtXREYyacPdVfEX7,34903566649
n4k3LMcuJop9FcjGuNcVe9pFLwW9A5bpPAYJH3cE5ftJaXu5NzQG47eqYzduPM9EZ82uXZ9D56tYkE8,34903888616
Jkt83dMnLDPavpgJqSpdQ4FfzHyBh69PY8EkQvLNVpqJ9NYXvDG6jfQeNHuoKDP9Bwj645GEQNYW249,34904211917
nw3TybFBnZ7DRanK7xb2H9zUkCFzR2MfWKpMVuy3SqHMov4cnL5u3bezwALWhtf9DbduEDm9zTsG7Q1,34904535885
oWYjVkRNre8y5HXqosUJXjh54tX3fp9KmbRDhFwS5LUaTgA5NwbrcTnaJK67NeBQJbFxcum8Y6h9pm2,34904857186
JKXucwt6oH9NG6RSzcHLfBysTEWDbcgKxDGzdqoW3yGd9KSAqyHn7VCJsW2MKjxYDZKxvTr5UsHvWu3,34905178487
Zgzveaf69Am75LuPM23pTn6aBUA69FbeKRhnC5W3vTE7ZfXgK529FpNdUGe9A4Kau5MkK6fBaFUzcm4,34905500455
nXyKkfDUJraPG4uY5fpmK7A8Upj4nz3U2kKsj4qT2beS5fU67KcayMQhYBafzh4PSkpVm8SdgcBCHP5,34905822423
q46KYVfTUSa6kYpPtkU82K7RsNfQvby7ntHPJCSqA2h7fnW3etFh7SPNDxEBe8FnTpyGdFhCRzSXUL6,34906143058
JWRrtYpak4KU7coe4bTN8gvBoepb6ytmcoPQWMTukhnVY5A8nmkPCM39oEZscyAQnFEjsShr467CFg7,34906465025
tnzC9NJWoQjH3BGtmFux6Y4TCgHQ673GKqEnv7QZ6r5csZy2MAvFwP6s9bE4arWc8L7doyV3NcZjns8,34906788326
asf3UEyqD7xUCRNGQan5VPvKZMjufHWtxbrKcH4TGwqBy7PSULFVdur42TEK5kDfjhnGgTwVEJYXnf9,34907108961
wKobWNZuPB9Cn8F7dQXLpNovgJqhedpg6GZDNVn23eTu5W8L4GQUhjf25xEtMsgTdq2pfaCBhwVHbn1,34907430262
rWkZNXg4JYQ3pJ79QPdTocENvPXZGLSCyHL4RSTv8RnpGLKbfXSYrGRMamTeHBM8zAvF96KfqLabGo2,34907750897
M7jxAnG4qypAQzawxRLYWgaG2B5yuU8QSLaY7Ms93YJQz6AoSW2xkCW3vFD6dru8oxCykhLe7YKkL93,34908072198
FCkYcBEan4xcohYSLG8xrpSnoL64FPzbGVdDZAuK5RrdtmgS92RUvsL7uzHQswjnMaDwHr7Dg3XkJ44,34908393499
X34PWhGVmTFpKm5MdG2fKde24Nw3VjzRuWxhMDEFbdBwanq4cSWY4XCEcVUbRsSx42gX54wbDCAyHG5,34908715467
KLaFec2z9vdtroKutN4hET8je5U2WM6VjKQynwVBAhkaJErZ2QF5NME3bfAg9mjYHXU62hfrgZM49G6,34909037435
BHWEXFwdB63uHCfJWohL5FjVm9ecfQveA7BJDWfjqocE2b978vrfLb9M2BagWeKmBjFA9G8eRaGQug7,34909364735
dD8yC7mdeJHRSby379vjgpLEMGd4BxAGoMFDXemyW9Rxw5pnjhrcaJSd2YWAPGcJLxnvy3mR8sSMQR8,34909686703
LyQbPTnMDwh8HmjQfHm9S3xq7aerzENjAKL9oNyhk9QqnHVJBqGoZ46buS2GdMrVm7ZjkSTDXt4g9T9,34910008004
hxYF6jRPf467aGVR5EpKhaXxkCK4v8h6YTPqWLDrVmRXn5HN9XARUgGMmH7YcKpSdtesBc8vZR2Uat1,34910332639
BT7Vyh9ajZ7JFaq7eUod9xVvURn8tP6nsCc5uDJkfypVtT9vQaWUJADNMETv9Z2eCPc2tsZeXSfF9C2,34910653940
5nLcwhTjCZqh9yxgZzqE3HCfBz6c7PJCXw6DspZbCKaphuFRHV7CeJvsWhbY6ptd58YbqAVjKXFWpx3,34910975908
o8SMV729jveN3AmgNXhkyHLh9mvVjzHBFebrmjqZE7dFuH2afsxeXFoWUpNLF24GEeuFAHsBGmeand4,34911299209
TYMkHWDQG5cLXYzmLnDWpZsqwW8C2xNjtCVrpT9sbeFpfnsu3UwjGd3qfwuXASq3bUCJ72oU4JanAQ5,34911621176
S8daAmhcBJeNUbHqYvESpk6bJPNVaCegHsYxQ3yvjHwVZ9aBtNLZjqCBRuXNB8nLMts3J4PeFcHGsP6,34911943144
TryRVmgBWv8GahgKJWPwrSzDU74dN5hfk4UHVnjorWGLvw7gS8tdaEBzu7YrDxbzZjypNBwtpHA6t37,34912263779
J765LEf2cWYN2k34QuM8RUK9xTDEG2ZPtG4epUSwuoYfwHCcGVLpmouLQvcwVe98GdXjZqpchmvA6C8,34912587080
tDdQuEtyAYJZgqCJo3qfLC9sPgtqu5C9snFV7ycKbV6UtvYuCZf2aMuvztSQrYdmnCZAwVrqs3knv49,34912909714
uV6reXKg3TeMgNbC2TrqWX8rzJhmG96cf4vq9Nbd4HczdJeZgvbMjY87AwgB94uUhsATpV2FQLbezN1,34913234348
oHEVft4H6yqMZeAWHSuJLt5W6YrbKhzXxZwy2WzpYyb3WhcgbX4ZJweMNXfnyCpL7Vc6Ry4eQ8Gsdy2,34913556316
kFS5b9nBTpHcJBjvAQ6BEfRmdXKLqvrYS5gfGMR7rbmqZWNYVsP4DfhBT8fxbUg7tLNdCox8Tn5o6D3,34913882950
7wUDceNY8xuHQGEp7PHtVq5Qt3oW4d2o9cN7yegzjNyDe98y4MaoJjceTHaQRkGLsRTNxyUCEqXyWY4,34914204251
koMVUQncTMYQ7hbYNxQgj9nxKewHduCPomYvR5Ex9BZaEFfN9khHgApjfFHqLsoVBS6Dm73Ktk8MXs5,34914525553
8hJ4Lrn7xPtHSvEDwkKWnp8wZrWJwBKGxbaTp8PWMDNmwpaSRXYvQe64NQbF7vwAdTotHm59ZuLnC56,34914850187
HuvrQh6eZaswRQakALGo5Jvdwz4KrkMfPxBASf6XHUq3GsJUkm2wNAbrBUzeRCbQZTdtejb4WEqjzG7,34915171488
VsBjYADNWwmzqrE4SHkDrnKF2XBbdk3KgA2zZPBXs8mfeY87yztoU7P4MqLTA8MSpzNdCrjq8ohjV98,34915493456
7fvCZ4q5keCtzcY7nUNsHRcvK7VSqUzH7vP6Y8mAsNhr5PHQpD94P6Vm5LCrensgyuMpdKatvkFsZN9,34915817423
rPBgbnTrvy5Br68MqSesAhPtwMjBHFbmdN5cqAXH37s6QZBymjYZ5dRJAtPCShqWgdBeq5XyCzSdXL1,34916139391
YhqCr96vcYQHEkXCh73fxGDsegpPTrwWCS3A9UjghPCFZvSPpxsfdp6Se8fKUrcum3EvrXCPU8hE7S2,34916459359
Pajd9Q3XWkdBwZN2vRdgqfRudJrWMgpx64H8uWArZG3Bb7GFvwcuBr4SteFsq9X7VdUtxfH9FYXtCL3,34916783327
ZE4vN9yQRAZt6pbcwW7RUNCke4Ab5qFY72aMQU4j2Q8pobDjrPNnJtqmc5NwUk5BwENQMbcXB8D5zb4,34917106628
3MauxGboz9VbgoD2XyTevuQHRrqncS5HKCR87bwhmdB5U9REFhroGeqyDv7NfDgYdBW3ZXf6KRPhWX5,34917428596
YnXMVZe5vSHYBkX8ez5FosCudzQGcpEhjH2L8FkSeVvTRgztdscSpADeKpt7CxyGg2UdWugZs9jmHV6,34917749897
CYX4T8CEZmPhT8cKrTp2JCVsuPSfekC8vas6N3yPEuf9GEy2Tbc59CoHEqehyjn7UMCavEwC48kMuH7,34918070531
bqsHCvXDwJMTqPK3CvgBYFNpZABbX7JD3F2dxSZoW86ktNsaTV8ZRmdcrCu6mZMCQwHTXNdHWBGSEq8,34918392499
SAHokKndWBFPpsthgcZjH5dzCPeMYBQb5cuk2mMo6WHPcoRhgfNWr3MJtUjV8JmE9MwRJpzN5LgWmX9,34918715800
7p2w3tCRkzgBpvtCPQzAuYWJvqowH6LXBduRFbt9MSHxXQZUWGg7MQAat7WmxskzboR9uJxGAhFsgu1,34919036435
QzcuyoaNtyWdXhf85mHxhNSa6nJR48aFuV7vMAxCP5vUtnKgMhz5HC4gfNeLEb6XDRnCkuv5wEhna82,34919358403
ScmEVHe8saZP8dmw9YQcH6bv5HDcRFgfNsbXjPgS4kLewaKFvnBrNSUqnhNX5QKUqbR4fYKsFft78d3,34919682370
nDzT5XutBKXoazxVJRhWN29CMw6qjtZ7fQzHWeupXHgwaF3HnUqXTYLzQrjxDaSuZE4k7MwurztbQv4,34920003671
Cg7YshQGEA3o67kzvWMSKZg6jkhbYA63vfdBzxvf7UHyzG43pYeuWf2w9phm2sCLDa8ufgZvMEYFsd5,34920326306
jsHfXAJ7N24VbYvpCb45WzE8KbqQ3CtLpK5d7foYL32m9UCaMpwuSC9egfm8U2bsNGe87Yrb4FSycW6,34920648940
tqWF9eG68Y9CZzAY4vNgTPrYCN7qEKZPodWsrtYLAhpBCE45qJpZbq6S7KPTxnLMfCEcHGNJ9WL3wv7,34920969575
BtxMypwYP6rjCzygtmqfSNerhFkRbf5w3XArWp4Le5YUVg6BvUNe8TSL7dTwKbxzdV6AmGrkSPuD7e8,34921292876
Jbo3BXYJWd7qTkmJ3sdbqzUkXRsp9gHArKUejvbFLhfpaX9qE3UbDwTHdupsKyV7rmaSn6CVdRx5739,34921614177
94owg52LbFBwXtLsvgXbjYZrTBUHg25sRKgYvrjFLM5Q8cgnLNGkbDYGMky2UgJouhnU7ESQXdKtyq1,34921934812
UusGxFHSjuNzoXTs892RCPTLq47bvVLXNHg6bdBW8MEYtswaGerDsdxnZNVGTYCcaXPuvfdz4DBNv72,34922258779
KBpycUJpotTCRqQpxC6SVgpU9MNKocjzCKEojhJRrkBcdNJoYLymWVzQF9AKJchNeKAPcwo6nze9EQ3,34922580747
AxMhsTSCqZ2A59ncXsCnLqtdVRBcu5vbA7reLts7euzj9bC2Qp8KB29xWB6eFgJ9pBqcgS4NK8ouRh4,34922900715
3oFdj9Ec3HJs5BApSawAKHpQwqAKmtbWCz9DjAhxUXj9MKTVURvas28yTLYbrfZQg8JpPz9MbWuFRj5,34923224016
rxSbq6U9BPRxLG8TbNBoGcSh9WYMtCm23P7jkoJnAjKBUPnvxVdDrxKG78jydNMTWjBt2G4govZ7NQ6,34923543984
qLZvcnqhweV8rBCu7vmCj5DhT2xYfA76pBKPRN4TmgJypEs6Rduokes4TyuY8VAvT3fus2Tx8W5tov7,34923865952
tkscLAZoeW4EhxoMHCVEzHKgmaynHxKpCoWmgkTjNAXxwuAUKwqSrQkaLztKwfrMPC4HRkjbCemHvt8,34924189919
qS8BcWUYE5arzHvSLju2ChMNQncpbBDUdgqt2rdDWK2m4sykJEx7QYFHvkQ9qvwSKmbrDXwqYUmWcs9,34924511221
ES7QWPH3dvhscFKLyatMHbBaKhAcntoC7LqtfZCBt86dpUjNHvQC9a6z5xMpHYzB4pf5dbSpXrcKef1,34924835188
y8vUzdkDePzxsNW4UGj9wptqdjpR7uUYCWqD9gSmApnojbAxHCk6vTBoW46wgdfYpzqgRHWSXw9GB42,34925159156
cyrsQUXVYmnWxbLFP5mUR25PoXU4mcwRUsvx6YeSL2t6hUwAv9eUM7wcx2FCawJzEdsZSTeFBE9Zds3,34925481124
4fydR7Hu9UGfZPuEV3zkXrcYSG8W9FCLfg7phHW7Z8LqvT5Dk2tSJLWA3owmVBcPsMHqUro7tRdsex4,34925803758
TXN3WkoqdWKxndaDFvWRJCoLaEeJHLsT7wKWVzfBnNVcJGARbr6FDQNL5eJgVKadpWTEsQVn6qLCU75,34926125726
2qdbX2s5HJ6B3F2LBobtqMBkbHjCkgopq9GwoY7hUNbgDeJX2Nxp6BZvYjUFAcPaMdCfoFRQKHw5ED6,34926447027
usUy9ohUYDzg9uNGzA2NHfZu4nodeRNQmJYaczLQBMYnJC4xNDv3eLSj8t6q5hwnRXmxqJnp7FUBHu7,34926770995
tpRMaXF7GzegUcYuWaFGz4HNgF8hyV6PRjL4ory3CFKm5Qu9JogaTSJhzHSpLhFybcvXS72CD5cT9L8,34927090963
qzR4tswhgM4kfaFqTeXQcbPFnXE9kJASZVgpsu8yt7JbYC8mucxAZXoEchmu4TGFgAkuYaesFnPVGW9,34927412264
qLR97tBDphWLHQJR7ZkKrYj5oThAzEWLvrCHx9fFzDTjUyd8Yqup8wqETZcDyd9AWFhGJxmogekD9s1,34927737565
3pZFG4WDxXebQWETMNQXxjDHAWPKcatg7xUjR9ouFAPGLVaSzubJDFkREuoLj6u5Thts6NmjyBADsL2,34928058866
qSY3rsTLP9heZSVRBmqj5gzfUvPQtkcYLQfazBYu8mDNJgq8aBmcHa2gL7D6dYFGNB2ukvpKhPbGWN3,34928380834
rvJawsGBo3pEVxcM8G5fywWpaTjMZxsdNPoTe4yGrjxVEBdAart5YdEVZgyPbzWku7TwZm9qphvn7e4,34928703468
5ZWAuSUh8EWA2PQN7tUDLNBFtP6SrbBoTCcVESZMtxVP9ZShpMLGtV5BDkyRQnUVhMw23b4aYqztaT5,34929024769
tCPzgjHZDPyWchr5nQNeqwuRPSwpERmLgNXcx8VobxNDe7z85FLHCQdjTSCcUvmhK6UayR2zP8gNsU6,34929347404
qJKaLDd834eqTLGCkeUBndR4Nw6Wj7EvKkXGaWgUkhpG56rYTbDp4g7wrq6g5sNZ6bHNjL6SpmWAoK7,34929670705
rdqnZTtqd9Y2VPKcejsU2t7PSKBU64tFjrbuw4zar7gZUWd3D94TzutYHJrWhFpvugsr3RKvZx7wfa8,34929994672
tLQ2qBXhuHEz3ohyvLsBap8TjKVL6GQ5jdpCqUTftxB5gJY8uPpoBKyLrxXY7HBkEDJtea2MSnoCvZ9,34930315973
qam3ZpdU8f5GvpAUjEVxAtNvy2Mfp6XmBfbj8EoYpZf56E7orLUahY7MzDhb7pCJTEPMZWea7JkMTy1,34930637275
VP37tCLbGeWHAF6rudn9SuNVq4cZxt3ATMNErSFHnGrCNdUAazrhMuDdokHrCTucGr3smCLoeWKCGL2,34930959909
c87CUxhJsZGP8jw6GbSxe4qY3ac2hPDWsJSH9M56qEvXFkAGKJHfaKR7nXYLfaNxosSm3hMeV2caD53,34931284543
MrK8bsQSh463KLsY3fP7Ngu6EK47GkMBsopQjWkA5rVhcqSuCLX8QdoaqvKHpUvot2bfCJSKo7xLMc4,34931605844
2H56NPu9hwMcUk6rymPur3NUTMzPdTwQfYyaeFNfxjd7Kmq2dWJGaBDA4bBJAEdZNwLFQUeAN4TXQJ5,34931927812
e8uGbnJFWvaknMXwdAg7xevNCVJ3gsptufLP8BvErxUys3wzFxXrM3ALfDGdQgoGqz2Lgf9v2FqaXT6,34932250447
VCa4Sg3f9s45RyJKN3AGogSY5UvTtJuoMGtxoT8JMymDeC6NaY4kGMFPjJQGmCZYehC8arqUZRzxf57,34932571748
M5xNHgG27QbwXa4Eys2YQ7L5hqQYspyDLxSc8bKAcPfCz7sqLawp2CNVzLmhPktLnDwVuZPcsqCnET8,34932895049
BcYQf7vDHGQgbP2mwM36VaBhZXTgMGS4NdoqSsMoJqwP2DQvasqCWFhbey4JQhBtXSMfkHv2nJbcCa9,34933218350
2KgEzwhHyMXtAaNGq7jVzfgQeycYACvc4YXpfeoYu9tB2aY6VwFz4Ao9xV8EsyKkRFCztaJ6EfwPoX1,34933538984
coPqmAXtd2Lghq6xJtuYhM4no586GMjrBPK5pFoQj84XQHrod38eRtkCramSRd7gav3NEptb7Uptgr2,34933863619
ZgFxke8ZU3CMc8S6zxWZYNCUZ6SKUoMtLpWBcVhGmg9BLwr4akHqWcoAXjxshQNGwjxVBPDSkqVXtd3,34934185586
aMmdE9hyUKvS48su5YN3gZVDY9qTmoEVRmskQfqES9rVjcR3wgFTJfsq7mEHSpmnBtRvYS8DsHTxuY4,34934508221
WEemSF98gkCEFRaLpo62CAurxVEwjM3LNCrDwUgBusKWM2wR7oJygeWTwx7AMXVsz2ChXkUYyRjVkc5,34934831522
fmgsWqfUt9PXfyWbeUyN3hCyZrPEsbMcpvw9cLePnYW6294HyQnDe368SPBf4xKkjbBJU9Pq3gsULk6,34935153490
7zoCrSGgMAm3UCDyTUpwFSEX4y9YP8DZ3EJHSVd7H9nRVzc4A6zgjoxcGH7N6M9Q85qZCTSJKEumcH7,34935474124
V7MdCPehcEyPW94CaSF3hMkxmhqXd3L98NmQtr6AcVNUE5KQCUXVHY3dgHEj3yQJXoTsVEYN9RjfnG8,34935799425
h2krc4UybcVQnbXxvmt9T2GJExV2BAnNgR4t83mD7WxMrztd72SzuTxecjaUnkJQe2vsFrwJRmnBSe9,34936120726
EJ6rfk5bYSKtUuXCbU2n6NujDkfg4zhJxsfRNh96TwgDyB3jLqZ39zXVn5DXhtA5mPGx3Vjqm58C9u1,34936442694
oT3s5p2DNhutDfJNvTUzMX6ZSoJhsP5zS93hN67SWGzK4fgs3VtcjR4oyfMNJUhyVCcEfvuwmzqjTY2,34936765328
gyuWqXsRUqSrMdUs9eYny76xdSw9yQ43wXxcpouxLaybFYVf8jw9nr2xgLF5SeDvcxZGfPUzoyneFW3,34937088629
4aczqGyQEe95chyfqXD8R9PAsQ6VxEWrLwcxoXphUmf2SyT6HCXG5McHZKaAJStpWVrC9YUsoncYfe4,34937409931
NpxRQVf7eKGUbNjL5ck4JoDYQj9sBe7625n9EWeB3JkUKQyMtC4NEAuRBqVw69MLbgkoLyXPHu4x5Z5,34937734565
4yu5BnzmLsDYAF46Z2moKB5py7QzbFm4NSJxq8buPpB27YDwEsxzPWw4UR8JXx9poQD6pshJqZK5Y36,34938055866
CbfLSXCvAwmHLyz2CLTH92ZAPrh6n98bM5q2nSkcCHDjWVzS3Mh5CjGKpcyWxnq92JPV4sp7tVZ3sW7,34938376501
Fv3SubnmGpUZ4XdqkDfTzQFuKUcBr2wq9DPvrRkBY5e2BvRjbBCwP9rcSVKnmhFqdnWSyBPNxayPob8,34938699135
ruHYvnLxPE8QzowWZxX9uawx8Jbykc3dJUCSxGMkC9XKocyzFWSuX8yNBEmZJoXuSMEDhSwKXaxHqn9,34939020436
tNLGVEwBjK4V9YWQtECx98NkLY39aZMnLBsg8uRM9cbaYv34rZMH4jKyq5nktd5wvKNAfDCrvNGt791,34939342404
7gs9AdSahszomP9fonkN3XnWdpcZ2qxdMu5vR3awvMDJ9GNTVdsNKEnfH8J2kB7HCNk2Wsaj2JZMqV2,34939666372
UT7RCqSQJx6KLFB64ma9vRjMcF56mSQrAzgSmNbnJr8ULtbjHVgpdbcyKNTLVo4dFK5VTxuUn7edut3,34939989006
JWK5UhEca9HbwdPAxGQTjNBze7UYdGB9cTuxWRzvL7sAfWCFzU7TeDGHCdAZxewKdLbyZ6xBzAgPU34,34940311640
t83npWbTJsURKuBb5yCgNq4e5bd3xJsQb53HwBpqmg2E9FTdzNyuLsJb9xwR5Lg4TFhwCAog9S8DXe5,34940632275
jTdaqsK9VCDUYvZ97u3febyjBMZKYkTXr2DcnWXxr7kbJM29Fm4D2c5Yfux7bqLh6dHeru38hD9gKS6,34940953576
qdntXHDJyn9teybBTDmdFuWGk6yZgMnpcDaKw9qdrAWJDk7PGpdjsRmvLNsSaWEBvCYjHRLdZQpGNw7,34941274877
xk8f9ctwxYmMRXDV5WAMFzd9KckegXb4rcyFCSkuto8NCLU3aumN2qe9TQLzNuWqkeySEskWLevHRU8,34941596179
7qSckJjD9CZb3aNzVkxWCAnde9ML849KQDEN9WPEpLHctS5vqc7EkoRzGkxDecsLJuHkbWQxdAurRY9,34941917480
aBFoZwW3roXRmpuhJKnFAyrVRcF3jYvEamfs7urtd9HyPMhGuLZMXTHUBvyuw3zkNJCZM3XQVsfUez1,34942239448
UbnjoPNMjmt65sLF4gmJH53xK2p7mAf6HaVPR68yjJbVmgQnv3ufLgdWhQ8mM9vSz2nmKUStWyPGr92,34942562082
KkPwcebkWj286bhUrX9KQkM3BYpHag9WjyKCXHJwtaW4R5ZT9EXjYWbFwc6C3kVnXSoA2MxbzNeXMA3,34942882717
9SMPvpb5CWhzrubR3nvTHDKu75tNjYR5x3THXkmLExno7t4EvPdj52NCcyusrb8S54pbT3RBkNTZew4,34943208684
BoaV4q3BEF4vzcXWpCyNncVgoqxfpmtDQFkNAnWM8dKGz7tJuWwB8AqJCMcRhPKGZQmuxyjRXsWfyk5,34943529985
X5P6BSFXbKxEntUDrsqHX6gMuqn8vfW3NLT6KXyNTnAZLXSxG4598qtRkcZpoaR2bZX4U3fETwhD9j6,34943852620
rQ8SLVPZFrxo9jJUKMAYdNXA5pJ7rfcyL6ShQEHdNoyEaT7oP3vjENBkSRpFcYrN9bCXzv5H24Rh5d7,34944172588
MTcnrQGsJqR8YCAy6kF9Rjwc8orK6bCWwU4K5EfsUTNJe6sy4bn7xdEneApCh6vro4LEJy42EXo7Vn8,34944492556
B53RdyEgSPQo5YcJXgfdkunpDgv3azGR3CoGpS2jW3yL8ckNQZyHWQRM6DLFbH9v3tVcsPo53xwhTS9,34944817190
jrbtpXzcbVxYQar4YFsPtgKNHXcZUWu342ZfCMWeAQ3ze8bF3cjDCfSegAWCH9DeWhR4stUrJ6Xf241,34945139824
yax4PfpVJ7H4vAm3xfGhNUtvP7wXE8fQ3p6tWHyPAhvHWgrChAtV6erCpRsKa2y3UqHaXRUNu7n2ZF2,34945462459
BZeft7KPr2F7sYUQgoW25GmbBstYwznaPu5VF6KbatfLWdnTut8GS4DsNZdS4AbednY5brLYcXFRoP3,34945786426
GBcF4HBRXsu7HyfszAtNb2Cgjn4wD9BXRa5hCVJXnE9abVhjgwNo3jmCV3djNTshzYkJxojzywCGHR4,34946107727
NPRuXdry2MJjHuRr3dK8X9jDCtx9PuMAC7UDJht6owAqBvYPKQ2SLUb7A38XoVJ4sTXxUkNavDVMzf5,34946429695
DtXuAmMhz8QJogwTcAahBZ7RF3PpG2NRYe8gXLHCbDnYxRbtyE9dr8wVsfUTL2X5HRVnPTfo73v2Rk6,34946753663
RvPrgKLowskqrBp9GyMzp8DA5jzPsgQjkqatKs8jfxbVMDzmoFE6hxngQmwZEK6BZNQ7FJkore9nG47,34947074964
dpGwL4FKbneUHCaXVq92ZoC3hGwv7RfY4nZDCAEqfUjchQuMJn9qHuTV9XYdVswHx7Rn9yksH7h9nP8,34947395599
LEn4ZNdpurAoqMKWfzUtSdhJxX7AwtWVH2SRE45TSf69K4f7kBHTdNrfcECQ3AVoex4RnhZaA8mKnd9,34947717566
DLrNConktmxQoyYejUoEmDUYj3DNt4SahxZqSHm2LTJoxSukbCz8Yy9zTnJjZzTXrZsMbrw4S5pkRG1,34948039534
nR2bJ9azdbRucSVak5L3QjHLdfEKrWCGvj8z5g2M8QfHymUJpMSuARTocVpRGZJ93UdfDMACm3oWqc2,34948363502
hqyBrgn4XM5zyXJ6SynmHFu7oanSv3ysZjT8Um73JqjxHvCRMuKA5ErtQkCFAmtWMZQDLkp2ubf7y33,34948685470
WEArxV3jrthz2Dya5WwMBJeHmPNTuKsofkBhXDWc2FB34Xqf5ejJC2MpotWX8YHNBcx2fSashRZGrz4,34949006771
wzoHdcsy4tUsGF4r3p25oXMJZdkwgXByjHt9sg8wrkbXNz6oJcb9EHCVS6eu746TLqjPayBMETvLzK5,34949328072
oSAhk6nbpvS7muUpftub4MhQ867BjGEHDp4Suk7DHhofDkU9GoY8uEaYko82hrK4eEaWvJxYo4tVnC6,34949652706
b7tEVkb4J68bQ97WKFPht37kj9ZgprTVhYFtZxJc8mNy7eoXsPdjAHeWK5Pbmn3zM6W7vjQRtumcjS7,34949974674
E7pftRSvDPKkMDouaWSm4cQX34ZU7cgqxKWcoDKeBGHhx9yzmvUKMNc4Y3sSqDeQcYRwSHJXbLHxUE8,34950298642
dG2vVn8H9toSjwtZDCTUjgCToLvuCVFEwbPLySKmeRDoyhksvDuBty6DgHKzNFojdGhgkv3qyTR9px9,34950621943
LCRUDnSGRKAuSLnZDVaCKS3U5fpE3TgpLyXTfadQUk36gHnjkbLH3F9brHGmCYzbEGVPFf57vszq9Y1,34950942577
CeRzWfTsXzxSoY6uZzvXcDgNWJQSbTusjfG9FhxnzPsmjGU56jg7koBNTHKJcFYdgoE2xuTSmJfNV62,34951266545
PyVW3vwG5e4q8XoJuzNE5CbFKQPUbGw2Xc6TGsetfJW5DV489vXHztLXPmfbpxrCTebUCVX3ELF5VW3,34951587179
VZtfs63g4LR2Uouybn7tCeVSDEqLFMcSvrXKdaTDfhaTVE3temWGBXboxM9Lo2Wj8DtPwmTayt2mTW4,34951909814
z5LuXQtVCPU32qDtWAJdrXtwjhrDkqy7AaXMqcebLX8h7DwAWkK29cLXyh6RUnoD4pmVJUp8QLWxAk5,34952234448
9DVf78Q9Bz5hKtUeCXKoMQd3sSxhKN56M9oGF6HWVdtYFUmcehQxYHsBDQPaZznAm72FNYGPxSEvuc6,34952555083
7LEpoHx25FBq45SzsvHcfQGbAD7QkmRPVL7dJAKGWZV3v5BqecoyhMGrw8yaDmpjF3XS8cWHtBoRN47,34952879050
xkfntrXbMLS6WtMvqCoYgASqxL97fkgxEDcHp4eRKzxp57k9jdwSyxhrXdqPY6GsM49eBsGyAfE58B8,34953202351
XAwPoj8eAk6KZQ8wPXEk9gDKAwCnTduRoVB5UchTA9BHLpkQFRvg3aCy6mNzgULfzoeDPcuyvjAf699,34953524319
MvfCsMYNSL9rQvqweSgJACwsG2CTAn3ouxJwnQRuCDdG94MBnaLpvdPrSWQ28EWDB3orR2v78CekG81,34953846953
SWLq89T4FJ85dKFpHD8AhTK3xfML3KYZjk4qEChukdS7Rw3WXgJ7R8XAFKwr5RxfEkdva85bxsc2Wk2,34954170921
nywUBbJkM3T92vCqNdaMLXk7jNdcQ4JAd3G7vE5AR3H9DquBQW5YyQNzuw7pUStermKhRsWLGrxjKs3,34954492889
ovFU4oRL8GQpJzdVDjc9ohGHeCKnH7FoMYXrfREtPBeHh7FxtHuof8puHPBV9ThLoE7WDL5UFHA7Ex4,34954817523
V9ypar7XCQr7xWTBzXDhtM3guK7fjeNTW8nQYqJ2fDXLkvC7AuvQncgKM3F2pMsd9UXk8Z2qHdWhX45,34955139491
tbDeFEMcRvpYLbqkpWBX7UCxndLSFbRaQxfv4JFAtT4386PMgXFpwLCRjyvXSsLQVoXyQcMR6js5up6,34955460792
7EgLucmPQMEWfnaksS2WR53XzmUWxJNmSuoAd2BJjDXzuTHLCRFrQKSXmA54XJUq7rHuQwNfBngcLK7,34955784760
G7fjdcrFPANqcrz8aLd9SAX5CoRtEgsqxMXtcACePcGgDUvjBAprx6HpbyaWKce79obNPrc7vu4wdj8,34956106061
7erD89QPDunhqVv8KgYyUVwSLuCP27dYp8w3BoPNJcE5Ra96n7LGJrY2M7EAwXRpKftjFLTNRdmLSN9,34956427362
DXueQYBxrKM7qy9uLvWZbgf8YLjsV3r8wUqfKvPrBY4PngaezAf2jmyNg2aEWSd93WJbkpAGsZJntu1,34956750663
HMd3LFNs2TmpgxoFYPuKSDQUft2LqkxFjS23ZTpoRJ89bTFuCNdAcyJPgoWfKsxj8etvqFWfB4SVEa2,34957073297
oWTEFbsn3oeSGaJZcwV8G57xQLj6kFfVde2CBHxbzwY4cH6knZbSPMJobqDjrBkEo4uTygpRHh4vxQ3,34957394599
TKnNFSVsYhbGXQEWTXcB92Gmuj5Aktq3aERfXW9h3VtXZRACLkYUN9aDBbfWUHp3hqT986YGceWPUT4,34957715900
8YHRgMEzbW59Nuqzxt7BdMoANu35rvGNbWsfmBdNHFmB6GPWyfZkV4cLdRTaM6ujwPgzBKPws3XkmD5,34958037201
eELWf2g4BUrCMVBPqjYUpRmVBFk3M6rzjNRX97dH4EMrpCjWXfGKZ4tQfw6JHdGUWux8TjbzgXfJ4V6,34958359169
BfypxZqcFHJh9vkFXSRuE7oU3eMAVKu5nTxSw7EV2KFSgm6CfvQHtrKLfQEwSYnWcvxjVLZf42VCU47,34958684470
8yG9odhFHmZ5EvXw4oLJKP6rjzmxHMQ9G7KZ924pq86RUteDbYJuFt3ZYxrQUcMoEpandoUPeg7uTe8,34959005104
VwtCe4XDtAK8MZWdsmQEa7tyekL6pFSBWb8tJLRW3dVBFLcqQwWY9NATMHE427zYthcDwsgbQce9bn9,34959329738
CNFhu6H3DNxkmYLHwsbNL9gx7sufwMqadytz9nULte2oERWMsL2NhRmBKEzgWFvpbS7tx49QCEqPaA1,34959651040
QS7eKhN8crG38Wu2YxEP9WS38fM6dWozjGwyJSsvVL3XErUMRaVu83AEgoWqB9VcXQ7CfWeMAF9jbe2,34959973674
t6SEmNwunVBWzZVqaWKB49Qu35E7MzdSvYK7CRn3AcbnQjNuEzhLBSyzV2poaegbkaPY5L4XA9vSPp3,34960300308
savojW3H5qSm8ad69CxVyzpowBTDgFMK6At4DWQ9r4SZhdyTMzK4kFADwVhXkEaCuQBt8h2uXbyNP44,34960622276
ACZo3pNrwMkFxzWHswCKFLUtGPqZ4tzHrsaABFJkxCLWQ27fAUFaMsQyrpfo8wxDVcYEZWFnbVD97c5,34960942910
SKZjnY68bmSVjemBNHAwb2GnNcwtXMyuRVxXPZ6fanxEuCHyUz26qwaCvVKmLjQvgJSxn8sDQBPThc6,34961266878
o5DW8xec4uk3PUzWBfkt8Bq2HZvMtN3u7Rf3xsnyQCBFct6K2RBpq4Wey7FrBXAdDUNx85s9puoHdk7,34961587513
cLAERWKX8vgHAoE9W2zXCN4t75qKxkFXhLAYGqJFQCavL8Bqpvmu7Z8FUTbcnw76CKbEjQKqRwLc8v8,34961909480
pCe9UZHN4DwqbEetBjmEfaDpmwnWfkS46rtTNKfb69yVF8NuaFZfgRuZQqRr42JLhCRVahDdEzRrpJ9,34962233448
ErJ2WYa8w5yLPF74YLcPt92bCM4QsjgdmMrRxJkSYgfs3Q84EwQ8Sz7JA5WPEgUSqm4PFQjKyMcJjv1,34962555416
AK6UjLvQhR4wWN2cLZMoEKqAXHtq2VkADWHsdzoqnMc78sRWGJAPTLDue3ZhMVKdLqrxa7gdKCBYH82,34962880050
2qW3faEHxNoR2vcXFBpTsYbuvB3rdcRjsdcHbeJRsSUyQTYhnFSKJ4H5egXoU6DgWTV6j2YZQH6erd3,34963203351
zKLRhVNUknsVoxYus6ENrs4jCvLYxCPKtv8BHGm9NpvatKwuY5Ha8XmHbLypGno9t57GFs9PV7kBmC4,34963525985
UpsvYAZ9ocwY9G6wELCzbwBr8JmogZFjvBwK52jte7bm6kPBx6zhMLfnAxQXubNm7Uv3NkTVdYvX4n5,34963852619
cPAjzQf4DTVteNPr8R4Q5sP2qLNPZW9GsuHNCGDP9JR7k9GKEYmcXxuAtsJESpo7WmvcGd6KzAj8TQ6,34964173254
DJBtf5AHcT78UeTk9NnDjcanX2KBabANemz32c8AmN2CEosRcaAhS3VCyFzd8tx3FVKEjzNvVQEXrL7,34964494555
jN6D57fxo38ut4TwMh8KHR59rEGAwtsUpeX3xKwjgeMkEd2Cb3ytBzT6WyeB4JoFPew5XLjkurYnkP8,34964815190
V24jnoDL6bU7EemC78PVfdahQkgtjqCQDcjbm96CNeEHpboV4txWbBMXeksEWfyjw3ep4nghXU5LZ69,34965137158
E4qw2CRM6AkN8zPh2Jq9GRwEqLpSnKqt749zPb8m6UZd72Df5Nqk3sVABzTjwKPRo2s5NBdUcpMTPN1,34965459125
vr79CWBRdPaGQnumTrpMLwA9pLRZDJqvntf2zL5nkNqw5PrD3mhAZ8r7U2FmNVgocfF3uHfhkjULt72,34965781093
r9QEMnUhK4zTyBW3HJaskySuExayXWuj5e4NFcazLgr2RM5gNrMCTP92reXLKxHRYTGJvorjfCGac33,34966103728
kqJsRfCjdpW4sAwmZD5hVsr6uQBFeS4doZ9svEnMJo52qMscERdgvkW8RhXgu2QTAEyUasYrwzPgBN4,34966424362
WsCbtLxWnvFgx7Yc9aJFCMptHVsBWUhXJNQhVofEFnmQtakHDBwoRpzXrkyDnmYv8rpsH5nvA7hCdX5,34966748996
Hk7Uf5GdW2ztybcNzSCv2AHXBQrRUM45CoDPkKWQD37KhcUMVJRjx6f3zvFgo5fZyJkPbetEdDzrP66,34967070964
A2uobyGsKtYQsZVBnJoLm84hvztbCJfKYnp379CDrLPAoHBNhjufC8L3mFpQHk3FTvq2uLpJs4LXfy7,34967391599
TZyj7Y3kq8AV3Wn6FTJr2bX5mwHvWAyT5qZL94uyvF7EWHN2RWMBwFb5Koj39wnFXcRqbQrgJyLqs98,34967714900
veh6x3UsEGP3vSU9r3zgYApo38XRNbo6FdNrRk67XgjTQCY2qBGwPFhRJA56bzRTvEmsMS4jBbEVm59,34968036201
ZgHzYpZGcAefRH9dvUP8x3pDGLxY97BTz5L3ZMktm4EdK7WHJpLhmsQLUgNTEqDdNaMxh34CXEM9kj1,34968358169
PbQzRtNM6g28Ro6zjRthQuJLfQkum92yvncMA2yVCDFaRHATLe4qkhpHwP9ZyFD6wftqu5sEFPGkbZ2,34968679470
8JPR75fUMqhwEpmKDepvN5qwmbjagVxebp2w9AYcDV59adECg6urNhcU64pJN9jM6SDnoWt2U3mBFV3,34969000105
9YDwrbTpYEex4H6ZNhwtcSFVAWNksazhKJx5vec89YPj267LxfguG7bqFEs67PnuUAorFxuEDfcZCo4,34969322072
nTAZr8TxX3RbU5SL26gFat9CZmpDYU56NGnCU3r6dmwLgvNrAg3RZMogUrzMD7Z8EN4MsweyQPazb25,34969644040
YwCpx58dAqFRgyvhrH7xwUJc4WXTVP8zpJXTQKYLesrNRZc2HT5gkb3M4gkLGUua3pYQa8rYkxZupF6,34969966008
zBN5DSrdGVnpNEL8kwXtDmqVNJ9ocaNnVEGyDJx84FVBLfnaK3rMvZfjzHECApGLB29DJfojvKbkAL7,34970289976
cBQVsZjpkPMAt64c8J9TfhSnPHak75hpKkB8ZvbmSU4nzyQ9nzLo7btmFk8rqgzH45DLqXBGTkSmV78,34970613277
sceojPwq2oTmvNws5V6bJxnuVTdWnuY7DUcpQdysrhUKfxjq9Bxhp24P3cMhSq2WQscPkpq8UE5LAw9,34970935911
snkYXbjFwvSQaBr84wUETVzPk6rNqeymCHv2VApd34DndBS9VYkUXtKve32FEway9hMCbUpkaLK7CM1,34971256546
qJaArtBqhdwmx356yPgAs947hxcpqXnAxRKV3z8nSgKHRWJrAxwbrtAG6FZQm8nGo4KzAQTaoUXTfP2,34971577847
SxbBroJyuCgM5LdKrQ8z9hcLQEptnjKvULF7QeUF8rGNfczkQudbx3geXDJAY8BQkASEu8otBzW8tk3,34971898481
fCTZR3WSga2bKEjt85cgHyQvzrCLgobUdWom8snAfUJdobFS9xHRXMDoaKkQW3M9ykFc9MzgkeFPWC4,34972221782
63gzUCFKk7gBuKa6foDPAymRtvr7YDHQTcVWowdCeaoxvEKrs8E6DgNTcogZvaqFh2MeTh8b7UmwqV5,34972543750
KXZxJkdLjz7NCVu9ky2Z3u8QkVz2HQkDRZXmpVtYmjnLzdtR8oz39HMtGy7aSdrKhBQuYWeLsYMp9n6,34972867718
TEmagRPL3pvw8TF6BSArNQcXxYwgUGMa2QnSPzXEKjsNZTQormyS2W7JcyXVHhzGNqY9u2nHE4pj9d7,34973188352
qYjmyUeScyZbBtAWXSFjPs27pRDd3y4Dpt9BvrX5KVYkD3SMqYrapsoJkPN86jg7DSBmWfXLUhegDU8,34973509654
LqHeWNDRF2Kc6Nv2oUuzqKAfFGMRBCvQakzNtedV5BXtqZ9bVez8G7D9v3aGK7UxCdgFKVxEesvcZq9,34973830955
jrQZbgusRqecd4NXY2Wd4PVKZYLkjEzZ4g2RSvQZomVkeXEgUwpb5SHZTFE6n2cTzfjDsoxq3t4weC1,34974152923
xL89njJ3bUs8dHLgh8QDBoNdTpZSj3CbeUN7aKQdc84UzkrQ7EduJTkEzMC2uyFbenzTkfFxLPHKcE2,34974473557
CmxXSLjn28NrHx2U86WgYmHeb5WHUxJArKNaRqt7Gk4cUSHFzQR9VpDK7My4xhGFrgjQmRVspYHmNB3,34974798858
r3sygWNevtSrE49PkChRznqr97XoCU8wZGqXW3hKtz9onvZ4BLcM2QCAyk9hcbudR8Nk2rcY4GwzsV4,34975122826
mPJSwUNQZVWD8LxRXFdWohxCUsETtcLSQWTJ8DswPdoeMEzYtN8pDZG8Q5e7JDjrxe7NHVT6ujgpM25,34975444793
4DbekS3ML4JNzEZDxYj3KmptTzjS2Xqk3r9EGfmuCNaJr5dGkYcnB3yLz9Cm4Bebm7Wa9q38GHXaeB6,34975768094
Vbqc5Dj93xPQfjHM5rF7Hqmrkp4uatUykqJMhkYC7dmuZVX9Lfx6aNvEuUXpPaD5638nTSC9nD2SPR7,34976089396
uPNe3JcXHxRAWsChz8YeADhMf3ajsNbEGucLzYgvZkwxCRqjdATzv5rqA9s3o5VL4mQ2raZnEYQtKP8,34976410030
J9NMPUyuezYgDf72czXDBswh3Nqea6zuxh4asM7hwdV2C3hbXRT2JHQanBUh9nsdeJQ4xRgW5f9oHD9,34976731331
og4pZn9F6bKw3YD56PAZD2k3fFRWdQ5btDE9eU72xXjCHyMGxnywtc9ojaM43ZoG96ZLpbDNTd8avR1,34977054632
bRU5QPCDpXakdrmcskRqn7posma9BNwJDakEtzuqXGAEtbk2dsLAbyTpQfmxCbjSgCFft2yjTe74R32,34977377933
GfdmHkSYcUH3VDgdb4qUuzVZJTFVQs85f7JbxHQgqr8bZEWMUwunQsbR6TGDZ4gjfS7PqMeTorL26A3,34977701234
4fnHvUsadK2xHcRg4zhKY8ojQUkARZTNK3QRux2cDyYWzX4n7Fasdg9fAGZNtze5SXgRJjuS64xLcN4,34978024535
ob52eqURtPqbQU84ag9WxeqZhoKWnf4ThS5nZmCQf4UEzqjSb6NtRoZKEGqXmsvJqBDQ6Gy4Kmj3EU5,34978347836
LkphRoebUdWJSmr9gwCZARnbtQhdPmvTaHFjYXgwqaj7pmgU3fBukY6y4QzuW2cLGkKPshqpvHrNmW6,34978670471
PSpgrohcS3zLyktEJuRWSvCBrRvhpN3GgM6cBqW2XD7nEzs7emf9XrtMmSJcRgHpSPVZLnyMFX5kx77,34978991105
BkZcFe9MJPErjpzdYgCkFZ3JKTxmPdMT6sqJR6gHmafLy85h6KgT5FpYfAkeRZ4vMVGbydUBh9wWZY8,34979312407
RuTvL3SnBut67mVAp9dzjGpMRVF2BkEPfFHkTCcrEgWZN8Kra5pnMF8k6fJtoV2Xy4dEpaXQYBHy2G9,34979633708
TpZf34BmsG6K8aMdCXDqnvcSbPK8HtwZb9pz7AbUaEk6UxuCAq4LGEosDd8TfrgaCLDPKxJ2WwhC5W1,34979957009
tFcVvSRY8A4XKYSnT9veECQrzKBqDQKPwVCqZHvyLzH794YndStWqPAaEbGXS5usHFxWmMK6TP4Sr72,34980280976
XLufwhUkmqpb45XN2wkQ3EhKu5vfwWdV9FJN6jfcuA2dgYTfDyJKHTp8nxogEy8LUbxvKSRGe3NEmQ3,34980602944
cAsfUK2wcPSv35qK4SMCkgWv3CmZb4AgHEFazJjBS59fXMxrTwZN56n9bGPWAVSNuykEcaDbjQavBd4,34980926245
wrJGkTMJaKYBVoRhrSnWMyVvpMK8Rao2Pq4gKBCF582DszdjETuPg2c9au4YUBFpCsxTUpZrGPvzjg5,34981250213
aWpM65hkRM6hgBUtxgVea53bvNT9CZzjBabGxPrCcdHvE5W7TPCfdNaACUSRJfrbSTWZgQt2Z8oHwT6,34981570847
BtLxwDgNBFu5ZvT8EmCk3qvToEPv3BVPZ4YtFUvVTF9PDKq4azdBYc8QNe3EfneLN37Rh4a98PfyEV7,34981892815
xhz2Y9RHDFQbPjNWt26xKSjkdzesYagnsTvPkyMbo9u2w7HgenR4JvYVqy5kz4FrMG7y6mt2z5bTAH8,34982215450
CeW2EyZuDJH2RrZUXpbKSBhZPe4cvzFsNnXqFDGgjs3hNk4ptYkKrqw2bfTJqVAL9nw7rjXNHkh9Mo9,34982536751
PsXQ5BfyjogwX3WP7GsCxM7jFNp3Pr578tQF7W36yZtsLPk8qefhC8bak57YpFb5YJGR2VK3WfyCZR1,34982861385
MYRqSdpVb5fKURwvFcqyVKeqpanDhepGc3Do9byvLw4PVMgjQTwkW2NusB2kw6QZrbNJwo4ngQRUcP2,34983184686
dTM3eFBy3Ra75jA96duUZcpHrtT7dYgnwGdtW4kZXRfNq9CfSX8ctDygxWr2X3UGcfNmC4U7Jarqwo3,34983505987
AjJCDoMnEPse3oUW2jAEpVJw43FTGq5MLzTDY2A97ombRSGEzFvjfpd9QJuGT8hwSqxALwKHDqXZgV4,34983827955
k8NRjHnpKyLxPF4p9xJjdF4C6oezRDb5fKHFr8pBnL95BKAYTtLCF2UNocGy3uts5jSGHdh24CAnVy5,34984149923
tscERuUMgtaQGMFYaGMkrdP7aLnzvABJQzdyxv6WGco6wgXvGB8yTSrVuLtaN7P5mSZouHGdvPzSmN6,34984471891
4HRALefEjKXCZ9zSAvdHbQzsxfDz5je8UyqNtFvUEk8sbWQ9AyzsTb3aSW8bPfQj2DFJKRpsxX29VK7,34984796525
2CFtvp37Q6WHTFgVX2YRFy6hKAdDNhTAxpWcJzEXNM5H4fYsyTdH73rBGghvKxsqnWUosDLgvAD35x8,34985118493
nmvN4DL58VWmRTNYcegMuAvH7V6yxGS36JXjynaSZqWhRbvoYrTGazvbuGyEJPtVKyokDPvEnjp4KL9,34985439794
Y8vdTmHEeLVfHmx5S6yuGQ2ovHXKa673tyF8z2NrhEbCagebukNWoSs4zfdt4DpPbwTezEasGLBxyM1,34985762428
n5ZqUsfEWAUt7oAvx9uL64pKdPbR5DnTzydXVe6rvJEG9KfABNba8eBKNRnQaAW3GKnaSCDZwHkDe52,34986084396
4CZ28WLSoEfruFGCWXktKBXZFsNr9g87JcQMRPAY94FW38XAh3STPcYqk6EhaWfJwt6oJFVtvYGEAg3,34986407697
UMHFQosqEhmVKa8mW6jHBtNZw6jcDRmkY7NPa4HBPjNguLSxvuHZYFk8sTEPnw7B6MNsX6CaFvK92B4,34986730331
RpedKAznQeGjDwmvRfx8EX9STZ8zRhwjVRcz6Vjc3ybXTJYsVMvk4qYKrgMRoyBQMRdxp3ndm98KBQ5,34987052299
Dvk9bjEqNxXLP9aG345qUJs9YruhtXLBJuPoNy5s9oxGaQAMd2RGUxtn3ADTHdaLJFPb3C9LrqVkgH6,34987376267
hD3FrUBmvNZzKW5RvB8PHGCSRb5LtEkVHauMhqoQ7vzf8qQ75gB4z5hM8UdvzyphBwzYhbVU8KWRfT7,34987697568
L7RMCrd2gPL3ZHFD73ZhWFqj3uM6bA4k3hct2fk8UMJahCQMjWruY5GWmapwPSRfjnUEaSbrC3fHTs8,34988019536
t2nLydoVXt4JTPf72KBbn2d5ZTr2Ny9Ss35kFbC6R7VgJHbe5p8SQT2XrvfGgukZjWmus9fV5JXRKQ9,34988344170
TJBAcYf3T5RKYj6shE34QSt86PUeVYxtj7KVEcbwsVLehbgmLctPusaEShxuVAzXswEbhXwZq27tU51,34988666138
J82NtRw4nN8kyerFvNbpSJVomrzxZyRz2dgoaALxPkv758Kf3QYWps3FnLMwYgvoymPjApc8Dghqtn2,34988988772
qSgj3cLuohxy8BDAZQHJ62j5YmKU4gRG9LpnzjBLe6PdgRceutVpA7EjkUJ5RqsDytEdTV5psZbXqv3,34989310740
ZCfWuTLrFDQ2RjxBeZsfYAba9RgmM4AeNKh8tnCaDEYJka2RDmACE7UT5Jd2VrzvncgpFdahXTkG6K4,34989632708
ndYLFknar3djXMnx8TkHjdqo6swNTfsbRJg24PXk78p6K7T8MBfR5rZ74pKD9JtVoZFYWjfmeArudQ5,34989954676
dqrKWbG5Mfc6v5qakogFmp6tSMYP6ZDhTbj9MTKLyGkzU6KrA3BvZEQsqRkDfsVWTzmaP6ZyxJbkES6,34990276643
hrDqRJ57kdPDG7ncgYDbM7RnoYqxdyopFmrdobejtFUWGpNKP9Et3RT7ENZjPch2Avz5ym6MKTRfsh7,34990597945
UoaA3yZKqWRJK2xPoVWYXSbfr8BZVpyQoxG26ZtHQocBTbRENLJgWHaJRAmU5NCqXgZ6eRGn9dXfhH8,34990919912
bmKf8Tuw9kzQCJGFYv4fwRj4Keh2t5jHsKrufEwm74Z2kzXSHvPuoUjhWcu3DAsg2aWVExtLTqc4rd9,34991241880
w38fXKMPU4h3rUsZA7QraAb4EDhCXmRMzhVCMHrydnZwv8KSdfFb7DWQHGqRf7mp2uXWxh26LykGSE1,34991565848
u4GXmSq6AjJNSpxG5Nwpq8PfvNHyCSfny2hcHFq2w8rs3JwAWzkNaw32zD5xKg2rpz7hbErNx39fwD2,34991887816
HcLrpZYDqmSBvDmazBMTyb5v4mYgwVD7A6prWJBQa32zvpbuQhqvtJgYxDAzRUgVBzX5Eq972jE9NK3,34992211783
SPoQw9J7V8PkmgSZomWVcAvs3LGcZj3WhBpQEuCYHUBrRVCvhjR6voegXk2pfuE3Cj2V3h7jVptAmy4,34992535751
qzAUEmQAtgXafEkh6yPuKtNqATWZ9ufvw9quxZUzSwdGauFxLXD47mTUuQyB9AmptF4xLBZUbL32o45,34992860385
VXr4BEaCKdySw2aqYRmJhndLHa2YLHBoP7yDXu8o6eKnTbLcwmVLyDUg3TALvqQHnc2UC4L5rDUhx86,34993181020
5XeqbY4df6Duw3mx4dp8UHurcA4VRNTdBez6KjpNWxFzGXCFQaEHAVvnxMbdgNSmjtBqnTxaY7Up2W7,34993504987
2QBwPVAKDSWNsCJecQWFAZmGQqkXa87zxmRMeXNsG8XR7krWxyLk9g2zYp9oZvmUYeZFu79Co8BVJp8,34993827622
PjmvWzRuaxzXhSVC2aKkzFgUhyxCfUpKMAhCpHVUrdnq9rdXnsuqxes5muUD3HVdxvCQRsrXD85Jyh9,34994150256
ySgcQ2NJZrXxokNdVp6aGVACSufwvMeNjkoEmnyjV3tbuZwU3YLcMhmo5KTZBnzQ3ETxSvoJhSvW8b1,34994470891
nyYK3CGABKpjTaGgbxjk3YxCALzPpbjmNpWy7SvGdjQzowaAeDPWzC5JwdMT4sy35KnzRxuUcVLaPb2,34994794858
mVFNSfvCJ9m5KpfBu2QWpvausBWSj8VQt9SXspmnzxHWJwNTZj9Epy5VeRJdbKoWLXJTFQmf2oVjDQ3,34995116826
vRpTbWKVd7vM8ZEAUTWhxKTtJYjZLn3Fe25q6HKerbyH4J8QMb4FeSJnA64JURprFeYENScz4AeZa64,34995439460
YWnfS58NWXKawojLxCprMxTt9adN4zcTs32vcaAK6Fptjrv2tmXfqKxNh5gtsHcUqDusZUmpfQsnAZ5,34995760762
ncS7mhDnM4QawmVCboAHURuzJ4FkhexCFpL2sedqENvsZFcR78EqdJArGbp8CnENVHadU6JTDGeBZD6,34996081396
ATmgtVkeKJCysjoMtUwmB5WaCepqYN8sAeV2umQUs3TkAfvXNUFVf9ex8Jcp5omuUhNS9rXc4Jmvae7,34996402697
SbDGmMBAg3kHjzxPrq7hE4VY7DFWLMs87LbjdHGgMuaXhxmE45thKMsoJ5Vq3KnpWoMrhYVUb7yJaB8,34996723332
R8Yw32vd8nhZudXK6sPrNLJx2Gu3drLDY5vzrcwaNjvw5rcb9eSMhDvQ8F39RtWVjmUPQbR9kXB7ZS9,34997045966
eLk9VHe2kqrgNTBZjV4yoRCuSDK37JWxacEJWyAaFbohtsvSVkXDmz5gPMR8n5bU4FuN3CtUcsMndA1,34997369267
S3fVuSZymKHnsbcfLNzmADcgot53SCNn9EFhqCcRHD5GmAPqaQJ7RyDxGhd682h59tXW7eLXV29Mng2,34997691902
5n8zvEqrQBuhc9UKLr9G2ms5EvkYy2KjaTABvyTGVL7sXBrxdnZQSuP6rTESaKk8CYBK5xyef7WXjr3,34998013870
XfKRguEfNsqLk9p8AgnjckZwPs8V5dkYvDw2GcYEznkGxV58qYjJXwDhudTCGsmHRYgLx2fHgszAT94,34998338504
wApf5aB9PGnKW8GB2f7Xv3gDBzENgaeZPFDExqQZg7qNVuhmxJUb6ZNv8zZK4vqpGu3D6SQgyLTsQR5,34998659805
YFCdy3RG7EevQAFjnqg3FCLYjXoHJ4aWSjDR9vyFBKCjLMHnj5fTD2FQdqbyGLDY7aCTVqvD9BAWfw6,34998981773
b9fTzeMLCdEWR498ontKyR3HbTBzsrSAyk2fg75yHTMqrHBX3KoRPZYpcWbTwSGbFpxVq8bvk4yVfn7,34999306407
oVbHJRacp9Y3TQy46vey5cRt6nDjgGcRKnw7pT6X3B8ShbVE5YCBwxKDsLfM25heHrqc2NmzGbCTWK8,34999627042
dmrZPXym37GZKe7bJzu3Mqw5UvruQxVdWT2F3Uz8QdZ67EAzSfZ54MUD5HqTDokWRf4CNZSv8Wqr489,34999949009
6oEX73gRx5zjLWQxaZcB9ewDdmaWqMNsAHCDRndsPEGWzZshQSa7ZzA3VbLkasm2KPNuJv9Tuaqroe1,35000272310
oG4wusrMCYSgoXt96LewFfaog9JTNyagcTxyFbfBruc6vFS7ohxJUBXVGKsCtbk9KUj54cpdFUCe3a2,35000595611
zWjRmXJSad8Rw7kBVv5bsBuEJpPqVzsfLXk8mBJa5M2eHtBKGftHUxLcs5kEnshRvjAzWJ4Zjky3RJ3,35000918246
7TqHMvDC9e3GaDwMnksgLw7mUht9TLjxnv7kVdsfPzRw8enPqZgH3LjbdTwqSxzkFABdU7qyVC6DeJ4,35001240214
XnDZuCNMbJg7dKN6B7jZfuw6eGbXanwKCZowLfDvxCKYsVy9TF5stnzH5A6vyftwbujJzafnrmvY6n5,35001561515
Gf2aSvxpReGA9Bo54ZQzcpYFC5NkH9Jb3A2VJ8udj5Ymrq82zefWo2cVQzjDH52gowjtadV4u9cUPs6,35001883483
Ebv5PHYA4KZaARuKgUERvF3Kud26kVyqFm4eXhzST6btsJr5n9TV3tdB4J7fyEjLphoxqs5jPSVvJ47,35002204784
r2eUMYcd3v2hHDkF7RXgSeLqHAnZWspPbqVMTCBGXZwnELyUujGw5WMVYrHDdJ4myut7VeLHv3e59w8,35002526085
mHgbfTBhz5U4C3QtcSAjnvRsPa4zcsV83BbEjwL4BAmHPfAvbrwemdvKxEkoAbmgEAPRYrMXGmupk99,35002849386
4EBAhbRfjSeMg3jXDCPRbdD9jHd3AMEpu6Zk9ntr89GMAzNBXkgunaj7B8TvohwDZfv7JEZejd6wSR1,35003170687
n3pUCVbjAT7CYMvcDR3kfGPC6FBNYex64YEdbkqMDGgFS3BN97WgFAXPaWkRbPSoq9mpMYb9qezxHL2,35003491322
wez4g9cDWPybFTn9PUGmun4hYdgaTKSd6XhuxregT7h9JjMNx4zLKERnSj8f56oJVK5EPankEBxD4Y3,35003815289
UmYTGtSRHeGfAXB5zxZRHjcNEKRMs3vqMTfUCBZmwF5fEnwJDkYALB6FgNjBEYnVzxEdjwv9pVchqe4,35004137257
fdCoSWpBRjNewzkrSLNRhSjQxYVygXZBNCftU8Lvw4VS8JEovRet8McXTLsMxcjwDq7NCduXN8zPRL5,35004459225
G5ucDUgVzA2kErfxXVA8yTRPQNxZnsCA7E4sGtHkMK4qprJb4QM6xneMzS6NyjGnmFRzNMEWfJgQLy6,35004781193
BRM43Nyp45VThCEKR8WrkgazTWupBcvFV4XsCAhTJtC8FcNAgxZTpsvCh2E9bTgcrsJwh5VJSXrxVQ7,35005101827
bB5MVwpmGUJL6harZeYtDN94JWUDPNkwgyfGLpBbYtZk2qSzfXx6TRnDF6jHAmLTyWnBujJohev6Wt8,35005423795
JBjw4sy8VbKRjQd98A4WCVJnEwmRJhz2jkeZwoDYG9XQJw8VPWw8NnR75Mq4TYsp4chNzFSnPKQEgc9,35005744430
KMkdCW2JzsjWMNp8QjTZHYRdV9cA2XtMBqs5pDfmYWGe6aASy7MKuDNhQWYH8VzKf7CksrAuRh498s1,35006068397
ZfBRmeqGxJNRYvpQchPNadcuT69VXaY5TH4aWcshdWeFwoZdx9CheTjNGbuw2czVnWhG3ur59B6ZXM2,35006391032
3B5GRjXk2HVQwrz3otKR6SkDRGhdWJz5u3v7W6DC8PtYbGSKCunZ7sTCnKA4NrRae54fspGT7Czoy93,35006711666
TUXN35CnTS4CDtfc87MWRfB75G9pbYxLsj4TDgK93QNavEPMfXq3v5CwWQ7N6XL5drTzNYavMdASkK4,35007032968
3vJEr6YxgF7jDdET7vuWS9QFhaCdvEGVJPMhTd6tQjzyJ95nFEGYzbyXdkLsb4Q8GXuRxmCYQZaGeH5,35007356269
CNtXBscGaHE2XNQt63PUwTqDjZ6WFDtZXJ27WpSKc8gABJrLm3oQ57kVpJDKCBH8zG29ejCm6TyJDg6,35007678236
PLdKEbLRkrfPASa7YBKCyLGTmn8ouMmkw53hzDxY5kXxCn23tBXPZA2bfcgeYF6bZ3FVNvGxSQBUv37,35007999538
jMgd2L9kR5XF9sGVeN9vXxkGMEmndHum6es4mgqGt62sHyjbfGwEvkaSpGW8wvncCMYb4pSon3tXEd8,35008325505
K8BezsGbT2jtvJEFovWt9madc42CNSm4wxto8LdRAjwr42soSZkGtKWjcBZyQFj8zUVapj3b9BovhK9,35008648139
twqdKmb6vpBjcNtC3XTztAPRLU6rczoCpT3cqWKRtxNaZhCeqv34CpQ3aGPcb5A84KURWfdJjAMByu1,35008972107
ep8K2JvQMw5v6R3MbeXFuJRtUCcPDpVtxduJH5GDhksMvTxWQXY4yAjYbMt8QZM9vGDoWc9rjhgUKZ2,35009293408
Y7U4puhYqrXExUTAv7Lus45ZLPaB243jgDzb2EFWdPpumnvNQfuW8p7eC5saUfgwyudzHryQdNKxhc3,35009616043
vUHek3FUZ6WpB7r36xFBtYDfJcS3GJ8uMoTLJZUKwTvUN9caW6E8bdmBfyNr5MdPmaWj8MtVFq8oGf4,35009938010
XQhUsKBH3WGc2SFmXBE4YsUnGY5D3rgLRxNp3RUbEzn3c8Y2Btoa9gPrmvGDAohSkDZVdutbT3rtnZ5,35010263311
Lz73tgxqahQdNYELDk3qVbQ4qSof89Wk2JrqgCcW9vNQfDroHtsKr9CQH4kRmf5dWDyM8b5CnKPb736,35010585946
PnZG9AqewVUEK6G4fSMRE4fLRPpV3AFBuCeLZ6dqgC2oXtFeQrJtkuUGPytVnvpPCZ4mrGWskf2o4d7,35010908580
ymTfVZ9rY7jLJV5QMZUL4hkwANcbr6QveBcH3mZMNufKjQmbGhKX6DrsVZuN6PoWy4vDgr58qwEmZu8,35011229881
AkWFYh7vZgMo8Re2PMZrzXhPYQmG5oJW6nSz8R69oeQAYSMXV5AmBez9TrJSmhekV2jYPJvzsjV9Yz9,35011551849
ZtrSPWTkv97PzVW6tYDZm8MJK4bzkth5QRPBwYQLfAWMZP9wgusFEMZHmXedGwbpcJBxhsmJfQtmko1,35011871817
6xLJCmHKQ2pC4jtvzY8LAEcC3fv2SK9QeRGYAnT2VhQ7eAyu3v7mLEr9tPSsExtkcNdsWXV3Hs5w6W2,35012196451
qB8eNWEajHpvVjgyfWBvVCeYmtCWwL3ZBDyNeYv5jqm9SWKERjUFV9bGmnBEv736gskAHn9abyvmaq3,35012519086
r4NgTqEWF3krHnxtDunbdQaqF4fnVAL3ECoVm2eHgRSTyACgqsNovzgsu3YAyDjJXb49G8H4ZxkqnT4,35012843720
eSKzY3dEFmtPJQczoFvDmPe2ZYLzFbZ3soMLR4Dx3dP4uKVbvoWtNgk4AD9PfSxRBDjt8LHAmGQDyY5,35013164354
wDJdGmSQzE5n86EcngTYM5VvCZkR3x5EzMeuHCrZvT47ChJEfnmeAG2sXbqBAWCJzvZUVkz4n3AXsc6,35013485656
fuPLYhzEnCtjAYu62xMvXoSBqmXPzUo8aePGzuR6rvSkAyd26Jjfr2h7Kr6cyvrFmh4fxAC5yq2AzG7,35013809623
SruHQhnqJCUc29jeYQkVHJfk2LAoRJ2y7gEVAQyoTAjWy2UKmjehPfYXmC3gKeT5ngCQUecyBVJTGf8,35014130924
TvXfrZ7mowvyEzf7rmhTKpqse4CcsuB3Lt5XHFnqrDp7oyMmd7HGqw85DjLEAu63Gkhvdcq7ApDhPM9,35014450892
FD6nNj7CDenpTsDgPnzAdRoJqH5VxW8uqAxdW8yRan8UWdr8mQjoZcgbB2Nqjo5msQD2pAtCopyWuj1,35014774860
GYSrdGWYAyfwYM7XpYumPoG7Qf9toKqaBGRS6adVzCHNUzrRJ7A8kbSV8kWoVyXFps8QYkExCLpScd2,35015095495
pcZo96db48LqXS27tCKZ9urMzNfZv5ELzbK37apJPeWRM4qeKP6QTDN5uwvZDq84Ay6H89TWALcYa93,35015418129
fBP9y3vNQHtn3KxXMDuQm3StfUN2QXxK9EHCr2yPpcQAoCw3uoBRW6j4dtxevnWVoYSEADeW7YB2Ee4,35015740763
a8dtv3mHgJMBs3z4o9kur2qHpQZgBYNEwJmhuwKg2zWVSDhHNE5ftGwknM9Gw4doFqREPxjK9yvT8V5,35016064731
xUTAVpbHjhgtDb2n8zHG6h7yxpzmjSckTZVQnFNBmPvTbUXFhqcLEvgXLnbt78ajzXTgfjdt4573Ke6,35016385366
UceBmAZXg38E9odDwMcEByj8LsSKxoMqSHQa7yh9vpedFZzSE8CRTn6CZRGNsuYreNn8oBEPKcrm3U7,35016710000
hPnAxe4ZRTvDbwGjLMkGTBMEc4jspP3MoeuqrkHwgWrSLNW5BqGa5mxtJkUrmE4zwSVF3kDxh7T43u8,35017032634
NwnguSMjJ37agcztmYU56AyJFD38S4zX5F49fHhjrMN5KfVsMqegztM8dbrMUmz8FCmW7uERvUNxm59,35017357268
tJvmYTgL45eEZWQFPyG59uakNfeYWQfLbKzNhweacBQAzZEHbWYxkuUALgBpdPgN4EQHqBmdftLjWV1,35017679236
W7A2sjqveNXPcu8Bme92UqWMGPpJZxMjTgWyoNSt5vHsgQJGuybdnUebGWwjC4bZ6pn8SrHYXjDrY92,35018000537
DXHx5N2TLvKXGstPRGTdvfuWN75bDtrXdfovnesxTvfuSozyFjexRzXarQ72GBc9nMEbmkqK9ANm6S3,35018325172
m7K3qPwYMxbzoeDupavWb8dxnRzJxv73QJzG67RDawHysVeK2RSPdMGDC87PXCd8LoMnscdSBKW9564,35018646473
87eFkAposD49UxDunzf7NgXw6cBuEHCkRZfYXLy9djxKc8YsHXEdAt7swDLm79vsgnNPcVA2ot3nce5,35018969107
C6t7FQqjGoWfjCga6VKcoBEngMyKkq95CBmR6oh3PWd6DrVLfJbhRs3cmWzZe7WmgAhxoYf5vrHkBe6,35019293075
8DfgWvSGJhURrbsYGUfqwX2u5ne6KUGj2WbaxPvrapFDPNTBRdxqkLvmsQW6xatZUAR8SEtVrvqZL37,35019616376
TzFCq2QoMfeVzpUy3TwUsLtzV3ZE6TdDejoXHATFhPnyzFW2f3EgkoVMU8yjQMa2VEpaPKvAmneMCT8,35019939677
EvMYf56TLKtzVxuXdBqZSrTf8By9x6e2KaPc5JWQAjRvSrbGgSBpdFA65cLdNp25hScD3UJXrsPMHf9,35020260978
YNzd6tW4dPEZv5FWHJocZqfGwWvtLUpwybBK8x5hoaE75xyFW9XD5xJ8y7AHuChYm6cX5YTPE5uQbJ1,35020581613
h6nyUSt5o3MJ25awk3pV9UaL7qH9C3fqEaLHNG2BydsQbUnGKXw3Ndb2oJu5k9qbvcPpWogc7erNxV2,35020906913
2et3MNqWh8GNeCwqzXbwsPT5rg9JaUZCtd6jhQ9AFhWzSbZ5g87ZEwdhReHqMoDdBFNGkybvnp7EZF3,35021229548
P4WbmoqAStZx75pvxaUqZWH8SJxmMFCH7PRbyUoNzZK8puRSkpPhc9UoWgnYEoXKzsnaU8GqckeswT4,35021551516
DU4dWYuR5xbvAytMBAG6z8nhgF3dmzCjDKAQb8VfeUpnzTqwMg6d2wVS38YsauhCAtp8uUbFP3BL5C5,35021874817
enjNS5JEhNgGk3SQpCghLKduhbz2mX5hNxLUtwye4MF9ojt5P9T7aZtgobSN6znhWZq7e3NBp9Dju56,35022196784
RGrH5PRWvkMJXpRQaP3wYWvRSbVJvtnBFPrTC4Wty9swTUnjXSvH794ZaYtLjBhGL8ZEn6bSthzbGD7,35022518086
u6hVGHd54UEoYqPtMbXY4MHLeqK2k7SqgxFn9vDCdeLS2x4DUFQopNzswWa8mU6CYFkjuaXV5YBzUq8,35022839387
FfdrnAT7Wym5nD2KPQbrTcsVxRUTbq7CJo2FyNYwnvHetRCNwj39cnxJ3Wp9e3jv9MUAzD5pQ7MTfD9,35023161355
N4WJKPRqUCswGg3hsuDQ4vtxEwWz7jmsSveZky8dopxVGhsDoju9AUHnFW2asuLFEyvWHG5FuPc7ov1,35023483989
9Enr83EecFD5mPBt7rebz3PEBrzHGMoZuGbXzHcCmb9rTLP5erEwgPub3mKNWV3ZeJvo3xNbzX3gvz2,35023805957
mMehN3r68fTyPFRxCwbRn32Vqz4FvmJtXz35nEr4S5nmRvQ8wmJ69rRgBz2tfNEWsZ5GKXhsj7rEnH3,35024128591
KbNtuJkXmNpChXZf4DzCqavWQCuhbYsvWuzm7RUthJ3qBhSgpBwFSsqzdYB5JcRTvAoqRFhs73mdjA4,35024451226
Q4vsmndoEAHP2SxYpmWPho2X6NUzDW4sMuAWpShJ2rZHc63NunmCYvXQJwBoPepfwB56q7LFPEf7MW5,35024773193
cp7jJ8RZhgB4VCUbB6fxaezKr2T6a4KhgEWyD6pRwngKUsdD25FgJnGxQYMHo2Uw7feXFRQAw8qy9X6,35025095161
EewmZY6srQpKje4SA5fWQ4HVpa8RB2HmzP5YBwHZEaSDXy2r9wVfQkCRYPTb3CEfethXjPxrCmDHMJ7,35025416462
nC4XJatg2Bv9YAVtg8JkNGrgaMHLEKBQAJrWE9BfhbCsokXpxKRCywpm3TUszrm7JALCKR9GEpox4y8,35025739097
teR9NKWBuLprwuadkfVLJ8KHAw9cy8UamN6zyAZFTR73PCY8BtxjQ9NB7LM2yXUxghtrUDa2sqNPuk9,35026059731
jSqxn2k9b4GhadzQD7T6zhu8QMk9Fo53VkfuKPpqUQtkeVW2vGFmsQSJjLc5ah8mKsVwLqTFS56zNX1,35026386365
uRGJwcmVPkDMu4qvGaw9jqExAUTa5LbroTZMyqFAhjQ3fBEG6urZD7vJxBwqYkdGjRSur8BG9gwvDW2,35026709666
Qf763VQCfS8u3qpYa9exKPvpTEYoVB8Z3JEgKq5TQPYANS3sXUE2ARKQjzXKQAVgjzPuDLh6yvZEwe3,35027030968
8r4h3DwX4Gob2DJ95NuS2JjAqaJbXzdcVbMhGvHcwUnYsq2vdBMDxG3a5U9DnLGZ2j3HEReYy6m7uR4,35027356268
mVnaHXYbP4rgbdQANkRG4Wvurp9KQ5pohXs9tBcHoPXsC4h6YWdRps9zqZsYR89B4GgAckPg8HYBpu5,35027677570
P2gLX4psJDjSzqPVyHwB5vPsqczbot89BFbzf9ax2ZB7dGh3CMf7YT6v7oNL3qYyTDxjweSJVMCetR6,35027999537
h47ZbNBkrJp3vQ6LAnZT9Ff4XkMRaBpYoS5Q7mScFZGmWFQ2ehoxQ523hyZYasoNcG7B5DjV7M84cB7,35028321505
6Y5cBjYWCXv2DpqcY7PHa8T2CV39Fx6bCwLM3rk9gpwc3gevVrbdsVBJXS76m3SMEfgPZvKy8ebXcj8,35028642806
ujTqcJWhyzgR59NTaPwbCsT3uyjv5sVzCjks5K9ZQYUSqkcKJxvSgkXYf9CPo5La3ZmkeDxBvT8kDP9,35028964108
mtjGhgd8NHfoAWBtYFQsCgjot8RuY9VS3adExn3Xab8ZxoujhewDJ6WkRtrxHLWG6fpkcXVmKGpTJm1,35029288075
rycgvxXUJbBmnthTwDqsP58CZKb4CQaptA9njSgLeJavr2kwQc3uv2aHmWdS3Yk74tjoJcXLDYymnb2,35029610710
SPXw7v9NGPd86C3mtzywHAJrvFqXCxdJwLDdmnK5fbZpeHLvEuxobSFpA2ESyZAxJzyGHNo3mgsCRn3,35029932677
ek8DpdU47ykuFmqXAoSRV6gKvytWmPevNGVUx72SgchQ6KsYjUSJ6BfesJkM2ejybQoUWdYDke4joN4,35030254645
4NnREyxkSwRFp79Zc4EDMz7pjnb5Mkh68smVMKLxevfMQsGmEZqhK6DQ7rbX4PUH7oMTsRgaocU4VT5,35030575280
L3XwvhEQcsZmXdR2Hv7G8SmdYxWhCkQfV7UKvh7y9z5DJKkLGhVQD5EKSJQvFKXBG865xmAY5R8bqZ6,35030897248
o4LacPAba3JmTKtyb46LNpXeh7Uv6nc24k35tvGedCpsXEtgJ9wcDZNw54SpqeQArSyFgHptnsvL2k7,35031218549
wnqXzKoGxAcay9vspXaDbpoYqjEHsZbrn82gorRXyuzsDedJtKBadEpRDWJBEwzAv5Qh6sVDM678b48,35031539850
ChpkQBcr9soVd7QAc3gVqkDGZTrEKWwNVLoZNFbBoEdRjcAL6ZgeN9LcmCJ9nxW2GHvmkQwEUBfjyz9,35031865151
TeHuxRAVLb7mCTBARHZbUNjKuZ38cmnvFzcdDgjGwkJontvSAPbZXmE6wjD2GXszT6bgfNjyVfnZqA1,35032189118
7NJMXdufqcds9Z2TUwtdB2jEbfGCNZdqFbBytFGWuVsMTzbLRnWYTAjadc9XnPVspSvc8qauTz4p7T2,35032511086
cFDWAPTpm3HXbG2pw4eJqamhyGkwBDPuQRrZ9GzvT8n6NhKY4TnuaYLDBFTNVGkYW4XSjTkMKnWP2p3,35032832387
bzneRBwCyptAuRxWJwdeACazMAo2N34R7HVGcNzT5WQgEKzaVkEZxvkKeV2WgZ6AaXJgRMHASoLGvJ4,35033153022
Cc6WxrfUtSZ78gymEnvq3DX6ZfGYDBW2y4kDGS4CYQz2LCtyWerVk283SAMUPY8EHoNuevsRmMetXw5,35033474323
ChUzKcSsFNA4yDBb4FmkA5v8EobJ4N6SpDG5oVdpRvy4MktmncrpahYDLUoEFq4vVYwKPtG6sH7E2W6,35033795624
zeafQzGoDtQAZBMqJ9ZPVxbN7geyRGf7JxhoK5Nta9sr5fawEbGhBCMrUSX6msDQMnB9VdmEBPNzkT7,35034116926
BEykvfb6kVwxQpar4Zxt7F6B8Uzt9gnkoNpaFhXY4FQRM8hZ4YdSHtoydREz6xKNmbvQwzZUCAqpy98,35034439560
azjHSfcAkmEGUDJbG8WonmhE7Fs8KpeoAWpB5E8upKvTA82PgzmovM7jDUauC6hmpCvFRJ38awu7G29,35034760861
mx3z2wYF7joNsPMqU5EbxUe3PvSXT3yHquwQWqHbm6KtMkDmLvSKAgV8h4TpMVUZYFe6gpsuUVrjsd1,35035083496
LNvHGAoZxrcWbQRktVGEHeCfzovQDkHaNMZt7Xfs8QX2Fa8JLFqmDcxdSnh3NBxDYUkJqmVgwH8ZR52,35035407463
CVtkJ65cF3JVWKyRjogCYcUEQVz63RrcLqEPXpksMa8HRCNmXWn2Yf3kEgNC2n48JMURzWwuH3yWrp3,35035730098
UGgyp6WvkHXqUhg9DJ3Vf9yGQoCPX3ZMTvaUf78dQPZDxTSWrkqsUwGrsYSTgMPAQGuhpgL5zQuZCb4,35036052732
u2qSr3eosmHpo6D9ZwqDgxCdwcfWRp7hqfSNtFyDZfR4MuAQRMCoP4Z8Sa6KrEQfCGNbTa98n7fhTk5,35036376700
ZLpVn3rFpxuwXGPxMoqs4BS8vDpkPXzorKf9CsmoUAhgnkzYJT5n2WX3rjMGzS8FNkPvcBY3oZHbxM6,35036698001
D5BzwJFUBbNKQpagXQJWz4mbdPRaGX4tNDEPZaHU9jLrM9jEgCsNBZXTP2Cr5DTZCmVS7xA6e4BRvr7,35037021302
S2CzBAp2GMRYnEf3RKWoSHsBwrGXfmuz2MbYBjpaymtf3yeXdf3nj4GyNS5tkponwMTa3Hw8zSGQxR8,35037343270
sBAtGQ7FmKsoXqP6E4FmL7YEpsmAf8cnYBhp5efQNxrYJkKDLMVspquZkobgVFELQA8pKYjW8J496E9,35037663904
xUmu8sQHED84GseJHmY5B7HSsmfX9xRujdBQYfL5VmczZXywbCJ4Spm9nbfq8Ez6pFW2sGmfy2LHv51,35037985205
pWc52Qu4sXpnAbaKrE6RKLCFyGbcqmuBZcewtFV79s4bzrmNyAXMR2vfHTZCv4m8g7YW9kTKbFLXRs2,35038305840
EX5ABQNKM7Cg6SdTuPQzZEByujJ2n8Yk6RtPVuBhvNeC478dyGEj7PXYaDFb48gDqBAC4ey2SwTrqP3,35038627808
mJHR4A9CWy4q6F3Q89NV67amQsoaEquxLztyQKpg9oMy3uZgUsb38orMpSVkRH2tPZsyhx6SPvW84t4,35038948442
6MCnkeXMYWDz7JeRHm43ECVcQ3STGrgKy6CFwHTLkg6KFyNc7uGDZzKjWrNDFy4ABkbKVdkrZSKDEz5,35039270410
6ZFWMfZEGeyREwmAZncrVpaRMnJN7uYwk5PQoDej9pTBEQcyVewmrtvPMw64gDrcd3WuHeh8WAGQHW6,35039592378
XkQmK4LgcYrRhqakgXFEMANojWq9EZQe7xFTkqyRtwZa5frg9jSXQfTxzyYn2TKdvPAqQxcN6HbRGS7,35039913679
ZpMhsvR38bVJZGQanBcgSTd5CaSKWjrGFan75NvbsxSWHDfG2AnExHVsofRdFeYtND9cTeYQBxcHv88,35040234980
KTV6mSFRPrd7nS3m49fohdNywLoUj2gWTwJcG68qLDPruLKHf38Xtzrwe4o7pYJHoyZe8BzbdQfDsA9,35040556282
LD9hvCTuZDCPYzhnZVBsA47fEPkLtv4KumZkH2wyoLh8xMFZ8TobCEmrwjnK2cvZ7dghLDxV9s2JLN1,35040878916
cPsThU8qK9HEm5w6tT9A5vFQYNsnyofWQJ5KNF9xWjD9MaLwHyNXrJb5UkV7su2vhF4AGYeLBSb6ry2,35041200217
J3bvqQ3dozCQbpTAhsSMRTneS4AndRjcTFENYWQsHLn6FCmJHZujMzZuLqWN5Qe4yA7XgWGpuDdXNn3,35041522852
K7phnMmZ6efbxQ4B3kJGLu2Xbf9v5W8DeMRPr3NkA5SY2CkwEfR8MwKpmnBHhYTDnvLsa3AL2cJHsU4,35041843486
3fNDbrBk79taeUNRZEnQvU6rAgd5qj2EyhUpAZSDMHZ7Kw4b5cP48bteyqdFCSKuo4e6uENUMjLetz5,35042165454
bvFa8GXxyU6MB48pTRSPfKYBhv29EztejfETqwGzH5uSLpNzajbV6mqZYVeQxucLqaX3VncKYXPosa6,35042486755
MVJoRSK4Y3RbmjTKRFatUdxFR6gWBq7uT5pFM4evdcVBhyEXn9z5AoKPGfWLTqpoDEM68wzBbDsFcR7,35042808723
D84XBQ3Rp7GBUQJZBTaD3GKmXSHoPtVw5vnCTozstab7CQUn4BRsY34kHArXJpgVXwPQGYjRb37XyL8,35043131357
9YdauoCN5JreSVkuLGjQBEea9Rf5v7Zr9oPvqUhTGY3SFLMrmV8T6our9m6h3aW6eYZPr8FmJ2KPsT9,35043452659
VEtpTbChzUdcZqtVwRWoQU3TKvkcQS3NxqQM6XpzdnStLZ3Cfv8ZdUw9SR8WDLjGm9DFc24rwzPBZj1,35043775293
kMvFPXMVbNoGqcUSCLHWvjp2Rnmdh73qxvzYc2NwroPMwATgLzRYwxnGP8tj24RuZ3rchT4YpHVbEQ2,35044096594
E6WGmSA7NP4dMyu8bWHmDonfW9HqRpKrad6fJH2tQkUZLyWXArHqBRsjPS3Q6mEMCr4NxSPQ2wCTG63,35044418562
T4pbhtcowj5z8dTPMXc6Jhrc2yNZbSdj6C7mnTPZXSdD4hUWK79q5QaXGmVYgRBnhEPqtTUEjbtJWh4,35044741863
Mvr9m7X8xCHu3yMCaVdEqaAm5FcfRAh2KMvhBAmqR3LhCrmfG6MQFfVqWrz5bgBj42qDnAZsxtyD2Y5,35045065164
9KEVmqa3oSuxVpkKAh3FedbSrk2TzbDX7PRvAmuVH8C9cDNXrYSFDh2Kw8yBVbTq7rWX96HtXeYSPf6,35045390465
5HDvWTXG9CwtAqpWneVzATYV8LudsSXZTP59oUQX7JYtrzCotKv5ypZXAMBVdTkWZao2Bt5aMjdesz7,35045711099
GkedjnH854noCJUZkA3J5K4NMxZrenoUWuF2z7CN4yBwgfaJFHyG8qUjVRwMZbRPTSDbho7PBV2apR8,35046033734
hZexMYEuSdpQAagwdQXqfc3bso8r5meNzCvZF4MSKD9roujxE6YBm236upZwjCtvnYuXWCEebdKx8E9,35046355035
8MckJuVNwekd672GKCrh8fVZv6qUm7kyQLoA4BHQj58hM6z5HYKeEmsPrYfb3oFqb4Cxf5r6ab7hAz1,35046675003
dBLpuGBfMnkxrREcfQXAFG3QwHLRYqCmrZ6haXRk4TPKXdCtbY4TZ89zPdDN4vToWCkq7mxf863B4v2,35046994971
oPn9sX7jHvfpYH6eAbaCdvjXUcEFxVs7hoHT69CnFXdC9Sfu7e4UomuzZUCf3duwDjFt9njAYx6GSg3,35047318939
B7UJTaXS743k6fumq8ZLvuU53zpog25AjgVbpRJzqt9E2DUdkh9zKxXhcbSPtAp57MQKVTHC6DjwCU4,35047641573
6TKY9fDwMx2k6sTK5zEUQwNdbuZo7FxrtgNsFhTLUH2n6QyqCEXLdSmBwK4eHAhZWnVNrJgm4WxGRs5,35047963541
QGoWsadfTJRx9zDMuS5k94guRG6w4eaMQBV5DAtKzXUEeu5fZvoGukEmdqwsEh7dJtXA2yCKaMtC9A6,35048288175
k4wc5SZDhCpPeZAmuvCwSr7J32Domxrp8D4VqyEjwQAdMqTZNM8nwk3zTCZWY6N8hgWGQE7LABrb7L7,35048609476
oNXksCKbAeWvoNYUvfnJ6TQBawjLXV2rKgmPfW5FurKS8kr5UBnVEPqkX3xGB5weNvJSFwBMXaEscL8,35048932111
RcAyPWFTRg68CSoqPebX5unPkJqxQ8GMAgnFhJGc3tJx84tzNBw6eyvknNZdAjxvCuAqJ6TRb24EZn9,35049257411
7DZtFYDBxNe5r82JVC6sDqRrfdo6rKA9bZkzrX8sMboBXhcAtsXqEPAtbY2jXeU56PgRTno8ZekBQU1,35049581379
AnM8wT4NZ2XTeV6UFasZorLD4jtogmBHZ5UJjDKor3nE5w3DjPd9JMPkxmqYvdSwTujJhv9AKQex2o2,35049903347
BwfJQsEgubdP5qcVRkTHdao6NJLEUTwxubmvoCuqBXHEfUr5NMhf8jH5FgAMbopdmN2hgabDf2qEzW3,35050223981
EjQNV3cMs6NpydYCbFyWkoAEefmrNBqnwWDYQRVXW4mUvnGCcomugCd6PJyV2de5fCBjZ9wLubArCq4,35050543949
2YjP6Fu3HKFa9f2XqwsmgczZ9FCv3gy7RP5fj7Rryqu5HTW3jQ28vs6AFPmQdCbJNvUznKpP4bfpPq5,35050868584
TcMgo6kCMZRspezMx5BnHhSryxo7Aw6JQkhywPSatYedkU9auDqUoQ6Gt7UQYcvsVkF8HvUrx4LUZC6,35051189885
7jB3QxkVmsCS7LU5tvCA3bnRVyuvT57Syb3g9PdQEWec8ahXBnEGYk5KvA27tXA4eczTAdYMgw8HVW7,35051511186
M63TrCSgWNPmTVGWm8ejQ3AJp5zx7CZngtxdqwZhuJwQv4MpkfX2t7DKgwLckTxEhgmp5LEBdtN34A8,35051835154
JVfCuxwnfJ9PFKy9prUoC5kLwsbTnSovfUQyRv9JLy5T4NLq9FZ6z7FUa9NeMru5CNyag2Dvy97wHZ9,35052156455
EbFfNyz53LbV95QHKY2AuHGCnzASLBjJDGKfELS7PFfDzhAymtgYpq7LMtE3QUYvM38nUprbeBk8wg1,35052477756
KqbcLWJuV3bNDWzLpEWH29Z3qNK5xMYNrLx2MSysaNdXHLZTsKqBjeQLP7Hc9WKBUbwgYor8LzBsY42,35052801724
BeXdvRrBndQJ78dAJE25nTp9D5TYKegPwMd9qQCtu45XgAprzDjTCuYLresVYnc9r4KvABR4CGKsYS3,35053124358
CQmhF6PMCxSRKgqVHa5poz4qxwpQ5jwZDpFwXDcrG7uWvCScmwLV5tTQ9RbHezG2jgDM7t9DpT4JgX4,35053445659
wQdu3UEwdZoxM49evNkZzbY5qn6EH5uLCzWypt9DsfEHvJqxH6gJsXZBW7nb2YStDB2H6gPrTXQJf65,35053769627
7MWkcoaVsFgMTPVEuSgpLXT4qFoxGesbFWhMrwcyJrUXECLYPXbuxDrR8UW5Bd2J8nLEz3rgJMzTBk6,35054090928
Y3GQqRSuPWEG5Kpze6DhMJfjCR5daoTFe4NL2p35zdxkn8fAxFWMtjqnAXQzjD8pZEunUDYqRSCvbo7,35054412229
8ZzMjESWTfg2SmEQay5M3uXcBHq6ag5LWaSZszYkHsaFvMDBm6faDMCWLaY6vmWe2UpgjZUEKRryBm8,35054734864
Y58oWFVp7LuwpdZqPsfdBMV43upVYvnfzsjdPSL5bJTWowRH3M4ahcMkpThYHQx2rGudNTFEDCfN8Y9,35055056165
4Zn7LRBArem4tLGz6jBY8kwWXf79mRF6ern2paFtbfwdLT2ZXCxLkdbBJx3dDCENe8cQJ6RawSLDpg1,35055378799
jb4VAPkrzgqZah8MFX6YvpQThAP2nxyeZvmnMN3RYkUeAPT8RmMxvnBaPWzNtvK96wWj3KCHWE6rDA2,35055700767
oyg4Nq98kvfaLzhZeDa7YFGhEarUXNWSj4NRvPwX9GLfrNWSg7hkQtaUHQSRXuJHk7UJsxnhY96CXQ3,35056023401
UByRwrUK6o9eGsZWhjRBHy5zudSAx6PhdVZRvgNEyGbqQepxLS4AH3qcZSo49rKd6AHSd5tTwjKd8m4,35056348036
UmnVgctxWPjLzZRMFjpXqw8QyEGS5TB7oEfHmjYdHQVgcXS87Q5yXSfYneb5gNLUuDdAHR4hgmrVqx5,35056670670
f5ErKquUDH8qUxRDf4Xx8DVSujKrx59cedKDSJ7Af53NxXDnRZmgtnxYAt3Z6wuUVxw3cmuZwbHcD76,35056992638
FEguSbMvzWpSYDkjG3bhQtx2GcReVUChvYc3JB7fxUVM3BKdmyUs7ZeVAUPzRQKDoATgNcfuQYcAJh7,35057313939
7ApFChZfmedED6r7qKEfGsc4hF2AKp5UQd8ka4AqreYBTre8Xza37nJAZueTYjtqM9FtRDzZM2JYVr8,35057636573
RD4XgUa7k6ML9b7nefNPGwjcthSHwBYGeyToSc4NAEY4fxd6KRT5wvJShfYD26GUz3j7wTpPsc3NRH9,35057958541
TM7PfYz3d9K4Xx7NcvLC659W7npDSRE3a6F24rk69AE7nYSavQZbEoYMjR3svjN5ScbsFUuLQD6yCt1,35058283842
VPSBzmwWRqoTZsM2BV6zrpoQxAsjKzgdhWSFKCbAVcD2f7AXmegFMV9hGdcqKs2eypN5TwuJLmbGC72,35058607143
bJ6etk57goSUJpbRfvy2XK4hNMWdUAjHvzYVwFDtQXoeZAfK25VMEcRQXgPZnfEJhSQFdKpuHvPCwM3,35058931111
UbEN5qWHFYEhyTn2jWzrRDWtpa6VdBcUYEKbzN35HAFG6xd5oq6dhREUdtBnDCkNacYtH8vJDRogeH4,35059254412
hWpfzxEGStH4e6CkBf5g8sZNxqA8mKDqXWjZSaXz2nGNHAfyCbGhHZkRSvetaPog5KNcJGzvjgW7EU5,35059577046
PRdKxG2JmVGM2hqFWLy87bRodq35xZAX7SuVgUvshPAzR2sJLQTC7eUZ9Pw6rzLtwVAodZqhEPpBo76,35059898347
RNuE4VPBGEtyAvYFcesdrk4WYZFt8kzPahFGyb8fHhqzgT5Ka7vfJKg6x5XWd4kjNSsQAZu7hCNezG7,35060220315
4CZYSoC76SfCJuEvP8FgGoKBMx7FBqpcTEd5LVw8dGrxw7aQ3BrvYPXEz8QZkXpaAR6C4MUpq4eAJf8,35060542283
No8r5yGNEFdxsDfUHW7JUyGeashcjy5rbdM6Y8fLKr8xf7mWK2wLWaXgcRLQoPKwWN2j5Kyv9m2Tw59,35060864917
7FY8HeEDxY6qU5fDsn4KtuwQq7YXxfNpWZTgQRCJL8cezhJp3tBLTHRGqPSLRU4m8xakn3jrkRNag51,35061187552
XgvmYGPA2Kk5uArHmPdtrEQ2adrDthv84nesdtrasbSp7kjEyTZfpbeu8nfP7Hmx6zWMZGtuCRVwhu2,35061508853
GS84PVbK98f2MbckzsFNXpshcXGsLMFY78NWcdmMNaj2gxt7FBa4TKq82DQwUvdeWcAPdKNJqG4jWv3,35061832154
KoeCpDqweuJ7oPFtTXcEw73tFA9hERqdKHSayTwNst2h5kWxR9SAWqnShCqNacb7Docp2DNAfFXLRA4,35062154788
MqwboJRQF9Yvkzn5JwmHTcvB7TKbuPRexMj3v7ku6QRGMvjhd9BXPTw8GofUhHGokCQfeAFqhtDQ8p5,35062478756
vfG7ev4pK7PkqmKbkpfT7cAWHmPNDgqzmvkUfomQV2DudA6hkoSHYxCuy3gqkmQX84Bz57DRFH6moT6,35062800057
3XsN7gjvyspQxWeF4sqrP2as5xHKRPBJt2pu6cQHUgSzZHPeY5vKJzPnuobcG96ruKZbgj5TJ3eq4C7,35063124025
yFWhsy8qzed3DntaLgXV8bPkNfnWHDukpogtZN3vcj7CFBQeHEVpaznH7dSVUsbt3MZE9A8pk2YeML8,35063446659
GNDhY6Pw5mbsjaH2eSMyZJDfqhbG6TANGp3V68mKXhQEKsgA4SWbrE9Bs3pVwAZjMBLm7R2MQueRk49,35063769293
GBJ6hfBpzmCSRXrhze7rVY6BePbTduG9zaqncA9fuVNh63C7aF6HhsFaUEsKFdDbyqrWdQxnkw6SjQ1,35064090595
TBCr38gCqmRWozKGFL8PDkpZtEeVdBbmwcAt7sf9Uxoab9tnxMXSTPaXRJ3CWgoFytzXJbPtvA9RFu2,35064413229
qyGKTgBnbwzcnJgksHWcaD6yeoWS2wozy9pZSVf5m86nbYg8XPuLUCXRK5DL86UhSyB7fsTzbhB4Uy3,35064735197
mDwULQ7PuZhwnAS4bQHWSsC2dvWXRkPhUQumGjDruSCyhs9aDqgF4A6yYuj2cxUeDqBHzhSk7uGa6o4,35065057165
ygtcaQyvsxcySdagu3q2k6GQeyXa6dnRvkPTDZuxvpQ4MD7fPmad79AXR8gVoNvJn4hfeVatR9JdPv5,35065381132
7YpVRnuwSpJRZACHD8sFECN9z4BLhXQTdf2GQzWhKTQ7HWMV59phQPYgwbvGkrCucqnfh7s2te57Cs6,35065702433
yznXjADPGUTxDP8bQdcasqw8RxuWdjsPRuEpLcnYN4wdfZpchRxJCoFvLT3ntgEy8NXkT9xURjWAUN7,35066025068
xGMbaHrZhSUevcFy8fTCDKhc3Utu2E6xnVmYze7C3qcxeFPgBw54u7n9PFxoaPj7zuNjpwEBR29pWE8,35066346369
tDKBprmakQzNPgQdTbHGxsquAS3Bm5XEg4KCkHEfPwCmuZyGk3R6DMU96mJsXykU2JqnEasUCj5oHP9,35066667004
CuZtnbAVhKG8WJYLruktLBKJ73cmYVwXSpmZ2qYHVE4TtVqaLs6XnG2sPjpgsJyTkpqf8UBVbYGHzZ1,35066990305
MCapZtKx3RAykn5EAJp94MY5CKstkYKDWdRcZ42d3oxCAe2vLDzQ6NJReWhbDRvG6cVapFRKGQYV4f2,35067313606
6g4HJVCM4fTCxW6DCtauX9G4y5kPetNMxTvSNuh8HS3WZzdhewJ5WCaNRSrDfnxsQ8HfnKAxceuVp93,35067635573
jZSaRUE7b25kAQgqjvkXRfm4tNavgVXfjCZxaoDhKTFBxt5KjEmaCxYrD3UL5fDaNKRvU6rWTxZq7W4,35067956208
S5HAjBFXusQwh7XfugYPJStqdjAnMeNgtPJSMjPp7KkTGfQtCJDY7gJnYTFbthMJrCUxETKtR8qZj75,35068282175
RjCbykLEf43dwhNkXJYc568y3FNRK68tHGyJfuUG2PRLaqfKDWSQKdYUmMhsW5jJptDEnySmqovYMj6,35068604143
MworjdgTLmt7UrQSTzaASp32sqyxWJTrG6Mhs7PfuaNgpV7fG3tmMe8Rqv9xreybZPNuCsk3LdfNUM7,35068926111
tTqcZdm862axQmuHZLcYRzas8tCWhmEXyVCstmwGzo5tpRmcMwPgySLhQunN3eXVWaQrYpfWgn6rDq8,35069250079
jKvXgfJdc8jNVRhXNzVvwGsHcthngr6FSUk8y34FN5qgyHMVWUyzvxWpYEvjz5RBdApjgV7P2ZKTVg9,35069571380
R2FTd76ZwGfW9ZVMLqvc4fQdPFtNWjrY6KaDtRGgysL3An7HWfdaXLwNbrxUD4JwSAkKvH6ep5EwmN1,35069894681
Hk2yEQBtXMkBbwd5jYACvWPk9vbGJyc7LBTrC9zwhg5C3aJMqCNxWnPFchmXCuhekA4RqfBM8xq64A2,35070216649
wcPHyYDmjZNevVgRaQ69fLmXZ6hJgokj8TWvudND7k8hS5UYnjr2cQCfbycdA3jy6xBKepur6jknxH3,35070537950
Pt67FrQyU6BtjrYsWFSNH47Jgqb3nrQtE5nFyuVLt8n3PFu56ewD9jhAx7qPjdzwvnf936KMLDjog64,35070862584
NR2neF7YdeKwFcbP5Yn24vZX7PSJCKmh5HQ4jdboCqpQcLErm5kZ8zF3JsUMG4PKU8AyJYPtsquGDk5,35071183885
QBH7SWuzXGb5VvBSzusmEbAsGWKb78QkrD2FNCSkQ8uSwxX6pbQT3xKjGNoMT3YzNR46ExbGVqs5S96,35071506520
ver7s4S892nY6EVa7kFCtWbzuC3XTp9fXq4GTXm7FxsZCVS8r4LCHQF7bzYjq98ZofyRsZveBCAfFU7,35071827154
vwcQaK2fMWZ7zS9VquHZLvRzuD4Yz2dVxMm7aNspYLMzgtCpyUMujBYqtQbU3EJoqC4cbB9h2M3JWK8,35072147789
HDmktBf9Z6e2fvXDAuWStkcUYzFeTs6FBS27CEdqVNxEZp3XTBHZnCJTy9hxzSd8r3ZPoGv9LpdBuF9,35072469757
ygvA73P4tdHfW2GnfQqp5VZbXoSE468SecAyoeV8ZmobxHn4GhWM2GFmbwePKkLhEBXFw3tSsQr7nB1,35072793724
7UjvaXYzAFfPBb4tFQxTqm4H2xdJPNDMQmvnAqZBtLMAQC4Jvhno72Tfhe3rubByHFcQG3os6zgoaP2,35073115025
adjmp5UFaLgU8TteZ5wqfbt9EJWqBzabp7JKMvWx5VU4ZL2CNeaZ5Cymjv7ZVG2TwfVPsBTrfYpLtx3,35073436993
n5BPf4mkay7YjNbgXVq8wZGNe7XCumarLzEV34yoRMWS7KMmLwcSoGkHSXMhYDV82CmeMdazUfNt6h4,35073758961
tvz8HDEP6CdrQb2HBTEkG8SBaUjXWy6ZgFMyx7WhJAtj2oEsmdGHp2Fqsd2hqpuaBTCxcQKNgyS2b55,35074080262
tUxqpZFHEceAU8JzVB5HN7CWxyRh46UtRnmsUKqrgW8TrmjRtF2vmnDSTx57Gf9BYhrMwDQjqYdGp86,35074401563
JUNE8pAhZBWvuay8STC32gxCkjB6pxLJ6p7Lua4qzvcaJzZMxmFZfKcYnE4mzMFcoU2JLBvCWGH3EP7,35074722865
WgyPVpjcCRm6J5cnVqM26b5YzcxVQuAocpzH8my3jEmG3dwL2CtZE5zeMvHfmSJbwmdgPjAFUTPV628,35075045499
hHkRCFAnvzsCW8wbpE2SomctTdjfRzQT8cq3YMed5csRDNWfvqzAK5eHftFcW6AtXdFjR3VwsJtbQR9,35075370133
9eJQD7gVpF9AhgsxUy2aLY8oXLWYEcyTd2vBNkUgPmvWJBo6aUhTuAm2kJQLRpfrvqjsdU36wMSkBt1,35075693434
ZfX95gAmyc6Y9ZdqPbzUDM7ApXxTKy2vp4qmKu84BXd7WskVj4CWTa8PJCMSonEmJuj9nSFoE5nLak2,35076016069
sxQ7tcVsWArdqQYS3wkHrSxXRAeVDsbFjyWH2qZFRXJYCfUTn97GF8JVLU8WSPXGZBKAGLCUaAZP383,35076340036
AtEbJctY8fdFH48vRndKTex4wp7tGSW9gMvNopnLdE4ZbCRmUdzajoPqDaYMtJgZvWn82x3s9WM5bo4,35076660671
BefFnH87kLEZVu2BR58Wm2q5PT2fvternBUHPhpWqBtbXNeKogtsp3oc6MtopKU5nHzrqVS96z3NgA5,35076981972
q2PAwBtWzLBymAzYgtFocf2YZp7xkroszDw5UGmXc26oeRX59dqx5JNVXkWwgPdWGLhM6DZHsLkjM36,35077305273
SCyFBzxqybgstQk5mbRYFxsCaQpL8mvKsNDtJbeTdsuYUq2HQ86dDcTvpuKmsNqWAfMzc9uEkF8ojx7,35077627241
soPNJja6cqUrueDCTJpRCeHKYbWVHhLWgAjCGvWmZR9SXzk4mwZJpHeExrM5e8Jt6BfwC2veytBmvb8,35077951875
vNuUafB8pYUcEwbNFp2qQnF54qVwEamRJtuYde4hGofTaBSxeGkzfJGyawqKj8sL5CryqKWveaYjLo9,35078274509
8jTBamknh8qpMXfqxHe8kx7NDznpamLnMAoqtSbDRscrjS8ubpAVxXv7GEchLfBHXMfrFdgp52Y6eK1,35078596477
PS3WedFKkXNAFasbEcJ6Sp2R3PSCsJ7XARtPrBagdFTcbNLYTcWP3jZkcRMC53PQmFK9MDuGdKv8ZE2,35078920445
yYqkJGTnfZyXnm2CzWDMPrQuHZonDeGMEchp8qgVSGHh5jYBonJ8UYRpAc4rLhHTXWjfnrV89ztrdF3,35079241079
aUjE9LAhDaj5ZmgMBaG9nWuZ6S9xknGsCSXYeEo5XrZGKREpa367UAuEQn8Sbm3d5nCmws9ChAxGrs4,35079565047
Lp6vF7XnZxhRYZ7xPqWbnyfEN8RbuHW4CFvqY7QLGNajnkLaVRTWJzhGp53HMXWTLGHRYMNnZzwYo25,35079888348
rqBmstnzgRSUfCaBDNTZEaK6t9usADTa8KunjgRk9G2qj8ytKUadRfFgo93zvhRQNmbzSjt2wzKxMY6,35080208983
uBgqmxJbDM9jpZxazkc7e8akjqVSQzGquBknYbAvFkKMWBt7k5MPLj7FCHsv2tgDYQ8EdeLV9ZWTYm7,35080529617
tn2eKEkQt5AN2apn8Vrzt9P7pqyTcbGYFpN3UuWxjLG9rpaRnGd6HfGy5aZgFbUAYF6QBKwGyq8J3M8,35080855585
A4Jgr7N5bWVHnBporRVQqzcA7sxRJ6SfPsFgLbqJwBojJFKBR3g6HJaj9H6vfEy45GbPjMcpDxZ6hs9,35081176886
GpZ8Sj6GC3rAzPRjuGPKDjBSVcFnsZYypzomU9AZV2LmZvPoyUhCgnGxydUQRmAjZ5eKDqZ2CTXDxF1,35081502187
wGNfMwJeEFkhzWUsTZX8W7rbDfFQbLvNXrsBgEkymRM7DUeqbyuRtJnZyoYvXK6BjsWaS2zqjC56eU2,35081823488
r5g74XHQ7Zy3xvGT57EXb48HRDX4ra8qPYDK8SCZbBwC5mBgQAPjDuRUWPeX5HgsQNwFEZdf2VPQbR3,35082144789
WL8aNy964ogpK6n34QLVxtJ5yfCLZBDSEjJL6rT4RbftUkNbVAR52nBCmrvwf2jQkwb7LREfyrXELb4,35082468757
qCBJsfK3FkHcuC2RHtwveJD9zUwpfTyhLfPb2RDFVJmuwzG6aoLbg9BTXszNhExoL2UBq3febCsyPh5,35082790724
cgkEoGngMHcazgRU8h6eEPhGpAdRMEysWp89KENvygZ9DmeaQ9E8cVeg8GJRADoyEKhR8drsQqJHmY6,35083112692
yrxnYLmcA8EeyduJ8a6KUSeWPNoYVrJbTQxLq86wg7enNaMX8n7CoWfTRK8GNoQ5CfN78SbAWvU9sA7,35083435993
a9suFw6te4fA8qUSQsK59aVeCRjLThJfHv6exPjdaDvbBqtAy3bgaXPDeVgLWxahgWt45Ue96hCAkH8,35083757294
jgTEVhQusN6QrZnkH4pAGg7hdxMC5NXkxCeV8MwcHLFhsNJYZbNehaYuHBztDsx9go4WHQJr2f8aXy9,35084079262
pwncA3BWnuM7VCZYXGADUvRJTenCcrTuLjEQFV9pmfsWCLVxFhUWv64fcKeP946abv8KTCGVawC4GJ1,35084399897
74X8YZnKtLcZnw6kZjz6QRMBUJzmVCaAhbDWHwap2n5xJQ8fqjBoFvWEdUHR9knNcfCaejZhFf9jnx2,35084721198
ubBVcqRoSXte5MfCe9nJ6fDqMRhetdcuXfjRuvzhMLqDKTbgGyskfeSwdYsHtw58GXnQRtH2WT39HF3,35085041833
CLXnvAE98RaCoyYQs6wqMRX2NKLYwVTdEgZS6UXgQTbqxsg5mRLTgz596Khy4jL6HhR8vmYH679Cen4,35085365800
veKA6PnZVuvgoqHfhQK6odj4Z7DHMnwpuGnTogmByzdQZvUWGAjFfUpWXmsVB3bunzmXCctD5oHfWs5,35085688435
TqpKBG98LNZGecXWo8Jcu6EgzBkqfr2Q9esMwjaf2nLxChbRuAgMQEWkGU9eSbdWKGAuLjEgmkHtRd6,35086010402
cJZurTCtZVkpPaAhLra3fhrEL5Ajo7mTnHeW3qvCGWjY4yFmB6Cymq5aUjvTbFsRCG6oqe5YvJ8SeF7,35086331704
8mAjdbk5hFAtoRGpS2sK8VaGzf6JySqYdaJwBpUsGY5o3zmMaXsAQjbCK5pvtxUVKvpfdyCzPNMwsn8,35086655005
fm2SpcN2quztp7XjkT6FLrkU3uCfQaSkPG7Bpqhxyt8TLSyckdvf4aQ8vsKVaeZbDsRmjnQfX8nBrc9,35086977639
DoupqwMrD38XbPhzGjBf9L6nEP8SwtrW5D4etRJ52tEKk4oMmHuKREGxtZKkdxJtod6fGPzkTMhvcU1,35087300273
Lym7MTwyY5gstRPQB2JFw4hTEfVYZpMfVrGHLq2B7StmELyBrCn9TjJo2hDyU4aJ8mMvrRGNktT4QU2,35087622241
dJ4V9xEmgcMJYP5RLtqGZeR5skEazytYg5hpZgbU3AoSeHs9qbHKjMN839nYsurtxmcpQznSVPZz8j3,35087943542
EuXrjyVwa5CmP6hrePTake2N7xH5hCfo3XAJ8RvFbZrPt9K4YsDmvUMrkX3b2f7Wz6ZsPcN8Lwnd8N4,35088264177
z842gkxaX3nkgzsvnU89xJgWkYEFQPVB3mFxQG8UWjo64sUTPgzJuUL9YWRcnYPe7FqxDzApbh79KX5,35088588145
79wLs2unQrmD37LH9wBfPXgLrWC6M3YqaUNP5KxHYkjv2xcWgrkQ9BpYaMvKcRqxuhGVaPJjGkUPby6,35088912112
28xLUMjftkW9aFUK9sxPMRVGY4EwG8TjnmS8dch9jmy3KJAQkPtBRprbE5SdsmDYwdBAqfKxpjac6Q7,35089234747
xM8thV7kfZgQd2ANxuVePkcsjMmER8HpYfn3dzbgZdQ84TwjMoL5XjkeB9Vs2UhS32yUW48xFMtq3x8,35089557381
DT7uAF5H2esqF58BdcN3URBZueSRb5WQPUHztZNcxYKRrLPoXVRL9qtkUZzjMCxTzqn8KuC9Ye2zHD9,35089880015
CnoEhQXY9W4m72dkqnSwcx4RFw6h8PuZ9j5WDmd4cKLxb6JaRwSvydH4j7DYHsFEmGhRPpSjUZTERV1,35090202650
Yf8bcoJEHNCgyFVatyjKBG9LeDcCmN7o3KQnZbBaCEmutPE29fKxV6UcboApKgyjLMKbTWwJH7ePbR2,35090523951
kDErwzfN6J8xBu2fwKhB4rfNJWo9yNAWBEGbwVp7PTVgvXQZrD3QE4g2ZLTPF58b9quDpXNV7b2kjR3,35090845252
hHKG6LjkhWKrHXWFvrdVBqp4HaU97z4Vp8uzUDeLcFBD8PUydewhcNFdbMxtPkmfQBCJnfusMS35om4,35091167220
daCV3bRYGPu62dew7MK8tEWKUyzS5nuGLd5JjRVHncaVAJx8q6Ser78GsbgyTHLuB3xm4zFk6xTsqB5,35091488521
qbkdf6abh4jwJSKQHG5JDCapkVC3w9ufeEbtJyd7XKVQTboDkhFKoA53K4hoHDREyZGTm8v4qdZS4X6,35091814489
tXMZV4xsN6UDyevxMBWN6RHY7fekRT5K6nBr3XS57pMRfjAwGQS7nzMsUDgek3hEMvfD4nMa3CzTUt7,35092135123
TGDpV9fLdJCPWbwTnLxcsMmEeuxVZ9TmLdfMNFpkC4zYy9EsDpJZGyX2DQcvWHtD6QTvjZFoMayWNP8,35092456424
pEStz3eVFpJ7m3N4KwbFsv7cQCv4YhdyB8GRyAMCP5Fabdu9gpjvJ3HydwGk7gLU6nvDJjYzxhCwA59,35092779059
45D2LNJAeY6n8o5Gfz8Cce9WS8UwqPFEoQRDbhwCoKcMz5RsB2XY5qhN42yK73AozbXZQzx3EGYW2f1,35093101693
xqQVjdPo6yxAnQ84EyUkm8gGxcFdWZnvHLtTQ7HvTkCwQyJeGvjLbsNvBJKacX2HvK6x3LySXdTgo62,35093427661
XjzaT6cBEd69m3HoZYqXUK7rAm4VN5WMKD3g6MSHzU6LNZPz4J8hoMnJaqCHwKRhaxPGc2dELTnuxY3,35093748962
FWBDYnfzPXeJKVqCWYvmAtZScdb49YmShCZHNK579sAU4znkXYmzFnv5HD7Q93gjH5yMP2pAbRJkYB4,35094069596
pr6vfbQBz9tDcu6EvKuLFnJdvfbqz7p32LHAX7NpQXxYypLnzC4fJX7cdYT3vXj2wDYN7tfyWuqrwd5,35094390231
Gn8VZcsmW9NfQ2GPmFJ9BvmRGwxpukeNxa8tNHJc4vbya5X9dfxVUMAHW6hrxNnBDpQ23BygzRVqZK6,35094711532
wJ4mayXSHkuEgxZzrsmowevTKEjHAo9z2GaPdj4wTAc6ys7gj9nHTQfSrxctag87SZbHD4R8e2Tmoc7,35095032833
DFZzN8H94L2EuCVBenZQpeFWJwYMpCUDqVHsTScX6MxeJFRBDJXq4t2yUjrfytVAn3wUHRcTSzMnT68,35095356801
BR4ToPX2d74qZXDxkHcXTq6WFNjbBmqQv6wcBWYe5yK3kD6NCmdzgQVMao6z3Rn5cjkAhvE3X2vcdK9,35095678769
P89LZPqbGQy5thE73QqjVnCsvo2cjDrRA23ENqwHct2UT43NxjSk67cojx8gLGot2MExCAwMJS2aUh1,35096001403
rz4qsF5mh8K6gnMjbFyELwbomMQYzVM7BvRJLc5yCMtpo23ctmoF4nRAWzrvFMZQhpx3s7CQ487VWw2,35096325371
NrFCXHA3LFDGQgPYSMoEt5N6kXSCBc5H3dUMLfxvqmzHWthCKHcv3GwunkJELHNC5MGpzSCTYFxPAh3,35096648005
8SvhYsaFXvLgMo5UxW6dSRacA9emCpFTZhxdGs3oFeuMaJUqtGBwcS8QEYhJ2a4PFAUMmoK5sQhyL64,35096971973
hDe6RyDeBUnE7TSMDNpZ2yLGCgrejEn2TXYSyQ7xN38hSYWu8Q2qPTGJvfwugaFU634P7sko6MR4uH5,35097293941
JxGX9mHFLpcZBqHG7cEbfAQCTFzPBXD7aGrwshdSj7xwJpoqRF2sjy9VabC7TL8DAPpRt7fNqEdTbM6,35097615242
ZqpVLXH8xWBQnxFvh9W6TjnCdUqp9QTgmen2GrcWyd8Cb2ekpntCuVhnoHrJv6FAGKNbS4jcFp9CbK7,35097936543
Tmje2J3TRcCUpqsB7atVXeLbHK2o3WkL7oyKVjJ8R54PhwXnBmsyqxZHXqRNZ432XBgpSvDcmNMhRE8,35098259177
U9bH7BtNMbqCd9FWL35y8oU7uNLM5xZL6Kj4YPDyxbKEB8nHzXJbRqpeWtygTYBdFTZL76yEAfcd2t9,35098581145
hEaBCd4P32TAQHvxk5pN63ahEuMKondRcP79bmZe7EDuXrpRyjVJLAc7CHrDPxsw4HSPr8xWD9qXde1,35098906446
56UC7fdjSx3yqW7c32HgUnKXY8VtMhzZ4wc2Ror73F8fXms5knQRjSJpUGePgmU8YvjdmByXuEZFBV2,35099228414
yk5JTdMgJHcZRu9HkCPTjvaMfEPNFJmrAYWQbEKYdZVW8dTZWfB2yrG8N7TD8zrQVm2H8E4FnZEPCv3,35099551048
QpzPK9gVG6bKWeQP8wFSVn5PZ36bGDXHkfQxETw2Hb6QCh8wxBJXe7gDSG5cLdUF8P4sJvedKL9WD44,35099875016
oF5Ano8Me7YTpnGyRxoPyTW2BwETu2hDzPL7kQuvoXLxfDKrgYpS9vgJk2mGLfumw2nTMYdD9gqMQS5,35100198317
mNb3uzoxAYHobhzZLtfXUAKN9PgbXmTMj8E2z6Z9dMAVZg8HQBeFXN3arf2NFWmvxa3kugUxv3GAyx6,35100520285
QYLWFNyEoKUL3HkNg9oXWsqrTzUvZ3sY8qKPkeGXAtkoufwSy2CcpY48BTNRmpML7Vf6XH3QUq8sLh7,35100844252
nk3GorhSndL4GYDbwKQVbo9vHaLcDjpsEFgQvPuoqVNR4TsuEWPa6G2hjfzBGUaq8S5gXBGqASa5rf8,35101167553
Cr9NZRJ8prMX4njBvk6xNqVHu6yan2UowTHFAZyUQzKoYwWsZJGkzPdS3fMJNDVCGUa5vLFrgWfqs79,35101490188
GBdtxgyzNr3mLBwymVpCRdX5JrGvLjhnCMjkTPdqDScejqEWSgyfGxPpzsDCHU8JyMNSGFgqxTnALg1,35101811489
FNQMpcvDhsfn67eWqbvQM9HswLNCpK864E3KtaPgWvJKXpeQKmU8DG6pkyfDgrB3mafBgryN9hYerv2,35102134123
AWm6v2NDzYATKkcWv4x8gkvQP3EXQHt4kLE3zjSgKJqeDYFCtx8Kbuzqv3wzxuRYjX4CPq9ZnhsyqR3,35102454758
VTvsHZPXG8vbtY2ZGc9ruyvsdcUMGChjZ8dpaJ4vEbNPAuHmVqjbefDNpFBQD5p4K96aCAh2qQRNTa4,35102776726
qZ8G4abv3GnsKvUEB2MKTqBkbyw7avkRnNQ5CEcd9QGaPUfc7HSjvQXt7fbkodUGfVE7YC6XsLDhjV5,35103098027
TAScBeWy8n3ze5A3Pj7gFVLDTWKURcBoezsGAZfTe2qHhpb2sWMHyaSfUkeB3VZCfc6HhBpLXnrsbg6,35103421328
AyfpYZjqxMB5WoQMPZVQUnFJQ5Vr4myCfBuoG3PTWAuys5ZbTGSgpMZeJP95jL3ynMWduNXKBQEYZL7,35103745295
aTst9VzYPemnQXwy3AFsD8g34Xo7VGsTyrdRbHzV7PQmt4nbPfYFqMbuyzmr4DHvSwh4fWtKxFsSRK8,35104065930
AdFjUNJdBenSNjb4GcU6Vs2vPRTFschpHqY7hbEoD3Btb6P4Mmy7NGSgxF7yXSBEmF3D6hAPRSz5HT9,35104387231
BY4GombBYzstWGypj9ozWRDxr6anFdw5ZLXcJDdMxoGbnQ5capgnCy4fM7NnQjMYKkLqw2oDQKjcLr1,35104708532
AVQ2Hhnzg9jE5Db2USvow4hpUCBveQN6fSQCnD6UpdrFoZsSXTNrb8SV4PjyucgSz9fJmSpscPEhpm2,35105031167
cHrBfdhA4JXcGhL6ZPp4hqFod89sNRUh7fRVyQUd7JsHRQk4DHoTAstwBDfgeyvnxekRyFJ4K6Z7XP3,35105355801
pmAhPvdTtw9HWFUbuAmNCdZywUEpSKZJrAwRQxfTZGKxC2m5dWbBHksboPFnj8pEfLdyrsESp8R7bu4,35105679102
w8rp2LgxVJRM8dkyXvEt9KnuTCDcLqvVoykR9MUnpyZeFxDH4LXAxmV6Wy3dUKce2UoAhXtFTV7w6e5,35106001070
UReYVyMQUnXbJVpM4ovJDjemn4dRXkh3d947FedbtNuLS78quaJKV6u4vaV63tDepVuPxHSrTVtaU76,35106325037
knJZsCgPHDUEJe2drpPRn5eA2omYBbadyUQjowBHFnKcDHLb2CuFp2qGfYzX5yGk3jTLm4C2NJgSU77,35106646339
cKg8rVx7oHCQ7nMRehjcy9z742fUYvWaG4uSHgVfczw5j7Rvujc4dUj8wcSnQVqxzta9XpCscbWGM98,35106967640
hDmBw8MZarJFDbsRGK8DyfSYFguaB7cvxKthnU3zo9RNh8QtLP6N5bCvN5QuXdNS3sJowRHZefAKgh9,35107291607
rzfh4sqwYn46eDyREgjbpFe7vCXqsDgvqyXKBWPXndehB7VRd6GTQ2bXuKBW74zYsWA34eNSDBk9Xd1,35107612242
rGLw6PexW9ZzU2WqkpKSjUXZ4AMz2YWqMo5uG4JNgn3doarUATNMPXsmWCNT8ekCKHNa5dvAEBqeFu2,35107936876
jdfzEJc8RLJt264jHRaduMQYfgMHqNekBoyaf4rJ6Pvt5EKahNoRQWNGUf7Vuk8oHyREJctgvkQAnv3,35108260844
7uH9zUvSkA6VYQHmExFScGdoFNg3zYAb9wxCdHtkaM5teKgS2bCftyHLXwGF7Y3RVwCymd6seDbLc94,35108581478
UgYcC85wG9VnedxBcJWeQ8GwPup94zZvhYzdxSGBdkFAhoKy9DShqxNPwMH5z6E7go2XbuceqNLBy45,35108908779
Z7eGRLHck3NSVqPDdnV7bakgFv9jBM8SHd4a8pVfX6ePbHyaKrVMhC8e4jLYJ3jpP9NLVnfARyje5W6,35109231413
7gZT2vtEeXfc6eVy9b4nFgLU5sckgeNbkcRxQJq8FHfVbEJWmDTb3GfzBkCw83QdvBEeMu7HaDwjRY7,35109552715
eK3HJjRnPgoKGQRzpCD2YTWUaDtRLsSw9EVnb5u38MS7UxfskWQbTd2uxHFgVd63TQLdCjJS8ZFDXG8,35109877349
MhHyczdeNkxTyNfdzWDAgUNhwFJUDuqaAyUwVfcCyu84NQUEb6PrTG3UjBWqJab4XT93tJT4ALvVTU9,35110197983
vD3He9G4abudFWqUfAz7ULsw6xT5fAPekmQS65Y2aRXxwoebyTdha3KVjLx84bf9etZBjFhctbZGAo1,35110519285
ru6JtE7VsbZpgyzS5EZPN4A7Hs6cLJhsMtvCW9UENWHwMmhRstUCbdz6LmWA3gT27UEw65uUAzv3J52,35110842586
XMbYNptQ5GKX8EVxyQz2gcdwyjranDBqQnpE4oRkyKqufvQpB7mTCh5rpn7SmzCHraps5mhRsSwBTb3,35111163887
kGasnr7ZVAUSMTnxEy9SCtuym5oQyefBtkZD9srTjmP9fKYdsnwTEb82FCvEKyhBNuEFR9cWevTmtP4,35111485855
G3spJaMGmpgdaZNVJLtnfTmEcFhdTfD6Cb43vg7cma86FgMkDCdVMYD8FhHVALXc3eQYLpD43nJWgk5,35111809156
rbRjyDzxbYUQawhmWEqUpzxSTfZ5kh8zog5w3VxpbjtRsoazkuKeXwZuSfgZ4N3cm2utAR3EGghoET6,35112131123
XcQudCkyRPhWzC8AKPjesSN2czjWe7NVGXrHL9vTrRUmekcyNPpuCMy27wX8AV3qakH38PxLABeYQ77,35112455091
gRshjEK3RNLXVr6xT5D9V7PzjBLTcrzH3bDKGWaQkuCaySFrU3QujCs9DhxfVQbP2nwrhFVd7ZtsFm8,35112776392
72HBasGSqwPrKWDNfKroPhvSU37aJXYUWzLHqYGhPQWp2gJyvcnpa38hsWETvBqX2FzvjQqTfC2oAZ9,35113097027
UmP2tWfrxahqMK7cU9dpD8AjM7KJXATgEtqfK6AVXCUAjdHhfptNWmovMWTwGBWaQ7KCcTp5jncBxA1,35113420994
zXE2eKw8EQNMWqTmnCah6EBTLwdUcAwRDKEp3qVkpbaGUQMA7HS6JwdzmKj5t7YEnHgquWF8djMzgS2,35113742962
Cp9GBRLDKAtrnBqHpaQkCUKoT4nvSrR4tFfQdsT67BvzhLJYmvMbp6X8SYfsBaR5KBZ6gSGWJ3bUmP3,35114064930
6EbGajsRMUAYN9VHRQ8XMzpKeSwd76pSDFWRJdjStNRrJKfUDLozcEYSmHwNuPXVGK392GuYEDFa3w4,35114390897
n8L4tBajA78gWwEXez5j8Rgc6aPvY98yKQjUnq2C3jYmApk8MKVZr8TvpKB9jrWmyxKMj4XYekWCnv5,35114712865
XWZmyx2WUhBYzCS2B9LZYXTv75GmRH4anmJFgw97x3B9hbSdAnj38CS25uDZG8MaHucML4meWawXcx6,35115034166
QdThpoGxe5EMDykuAVBKsfaY8Wbp2Pca6nw5xZgvB78RGrgqvCboXsD5jTMb6QanZBp6kwPHuhKRQx7,35115358134
4Kca9SPE24yPjAsydbHpFtLPMenK3UdahvwAn8K7wCuhotyUwxqFaRLwvm48RetJAP6xzd7sTrZqg68,35115681435
UhyfxUuVeyzLhCxvQeg4f6TsXc2ePzthZa96yQ4a9ATYpd5J2CXWa3MF6RmnTkVxcYUR3pSkcf6AUs9,35116005403
xrnLbWHXhvz38SwqY8jMFk38WEue7MNSx5pZ3aVAvdCUTpyfCt4MyoxWkJ2jEpc3A9EHzFyX6juaTp1,35116327370
JArYkEBfyLHK58Goywf7mpxXbsNmKzMLZD8R3w9YhSp7c8Fmez4LYBjNnSW4pV69d4HX79zHYTAzs92,35116649338
fgUVRNo6qpJBomTp8DUrof9uwFBtdogmXGAjrQPMqSzKFtqyCAZx4Wfah57KeJZQdTb8rxHBWpyCZV3,35116973306
bozLjNMyqStGVBqdLWXDS2RwgHfzXJhBr2SNqRGw3HzRPUx8hNgXV95wqDUagsZctbx5QJRZteSws34,35117295274
5jdUeST3jCgbakHhy2EfuSrYF6QdRX7bmHNF7aJ5UNkx8JS7c6oVEn2NjCxmLvkAy89Ut4nXy8dxS75,35117617241
MT5UFg9QJ2XUTHb9xJKSntCA8PoXR6nmSRa59sL2ePCfyxcw74qKRSGTU326tbsA2r4Kjb3fu6ryVc6,35117941209
y9smFK9w8pyT5uwUf7BFj5vTPStgLmdYc59uzsF4etH7v8kL3TW4MYxZakWKS5bzUGMLWcBRjFV8am7,35118263177
BkQ7ZSdgUaMe5oRDqGAY36yRba2B5hE4zyDsEPv8c6H3zC6TWGAMHTvud8ZcmuWTpFjg9aV5ZY9qXm8,35118585811
rhn83qt7UwoezLuj7VvXduEwtTW3jduDHYZByjoqgR4x6ajLHMwz7Z2MJtwCVJfeLsxM3LdJga5x299,35118907779
mLcYrqxVGKuvjpR4DubU97v6sYaDP5Jf8DGcB92rsZj3KP2DYpMnNrc9SXR2PyraHTz7RaUGNVMJfQ1,35119229747
X2fY63tWndmkyBJtzY5v8UFW9VRzuGadXTQhcwrsfatLAvZacEgDzetAVn8eJUGSsod5k9Rmh5QFz92,35119553714
ABSuPotxb8KsNWFnbVSGe2FRbkdYQw9JTxfcAtbnxgYMmKndrjJMdvXJTDrWtZNwx59VgnDPRsEv2P3,35119876349
SMoJkCrnJY5bx8AwPoJ6a4vsSWayEDbMhoN3Rs6dpUx4EFu98JHRNPp9UNrhyXWvZjVWaMbujG2nMm4,35120199650
yF5T6UZgmSYsvFdagSqYdnms5xcohYVGmstcCzE6tCdqpEUfN3LdMYG2u8M7RFaWu8dbka4gqHwj3E5,35120520951
kYbgPQosNLDfGuXPSTry36uaS7f9DLFG7qr8yfztXQWZ5C3eQKGonBPRtqJ98YKEpRcwA8JheD6gk46,35120843585
h652yBE7jPJ9NQY7zXmCbKR8FH7TtJvokDgUCkT3gCxJUPo8Rufdctjz57ARexXVmMY5wvSJ4Gbxv47,35121163553
VbXPKEjT7dGoTmCPaxrBThW8uLhmGBJDr6CaHKgmBapH9g23BAD29vFZd9sBqzb8kmqAxSnKZRG5Sm8,35121489521
xrtFBLsJ6AoLykV9rgX2EsW3broKG2w4T7uZ2Y3fDwoaVx6fkEx7zoWpMtAeu4vY5SzhyHdVwSD5gn9,35121811489
HPew86cSXuo3BSCZfgpXu6UmCWStpGPWfX9a8xFbwKckTeYL3GFPb2uznUZ5FB9gnove3karNjkcsS1,35122132790
7F2hBA5pnJxoYKWvL68ps4SRpXwPRKX4B389JafmtF2wTQzxYfumxDwj3nNpYcv5mfMXuYV6mBhd3E2,35122456091
XbuzHZD4Ljh3YDr82KvCcMoGYqLCPE9hpS6r5vMbTLCMe735mjsSd4QFst3z7dhUsuvqCF7UtSKbka3,35122780058
RaobLYqkBcjPgnLNGH5fu8mFoGS6kZBSDgWFE2DdtRCmxZNpHeG6SZvj7Etg9C7eVGquCzpbRPdhcz4,35123101360
EQc5KFvuGjeHvU6tNFGcTf5EpbcPD6NGFWoRfHvYhVjKgr3HUdQbWXYgVQsngrKWXBYpNFTr47tghU5,35123425994
jpus8G6J3DvBoYxJpcQKHocakySJTnGdkTahsENQ62Sh5YREzPTemFPfUTj4bYfMeWC56L73rkJBpZ6,35123745962
EbXw9fD4BXunVcps35B6SHgsYnXdo3hyAs4N8SJ3gZTPHXW7gFCfEpaQHZegt2DecBud4m3CtrPLKe7,35124067263
GqVbvd6Db8z3nVxhPBupVmbndKcU7MD85dZCems8fSDsPr6J9YzpePs7mAkGQ427H5vCnTHW6ju5Yw8,35124390564
5jDyxwoG762CmLvFwJGVzmsSLJMqPTB9S3T7P9LxeRUX9x8Pp3E8VftoaZstgAm43vxMVowf48uM2R9,35124712532
nJ5TgwPajgvFb7RrcGCKwfZLytzg4Pav5zrjU9huTw2qDymQRFyG5zmdHsDY3qTPpCa94vCkSdtgu41,35125033166
SmJrU2DNMam5J2dnAYwLRXTwenW37oKkEfVx8MwbJGa2P4cVFCBNy5xPrVQwou8QgTGpkx9c5JpDLe2,35125356467
CKkDHjzUmfhQzpeVbKT5wxuRCgSpPtCMrnzp8eJBhH7QoTkALrQWzvECgoWvfDJUCbnme6Sots5kCB3,35125679102
JB97QM6umJTHWd9mNLp9ehu7rFCKbenadCJWvPr23bnJSPN68xyQJfbNAhG4kKnqrsAbyQ78HmGwYz4,35126001736
PdrxKc8j6WMHxQsy6bhPuFrV3SB4VEMKRVq63fPB243QyK24RMVykCHvV53bEPzKC2s53DUNMxFDHK5,35126325704
D3zUpBM4k7nwCsN7a62YJZeX67P2uREL8TrHRFfQJE3FqNHotaxS2R6VE3eaZvtPsGCH94v2VD6gN26,35126647005
yZL5BYAXyDpT78ZfqSyK8dE9Txb64zgk34xfLBt8ErMbGEeAfjEsz6Grkha5NGvaCJ4Uphza4v2Bzq7,35126968306
a3T8fKD3YQTJZSdFLBE5mp2APR7JQ42LAB4HQR9dEWZJuRvymbxN7R3FtJWaPSGk75tEoHkdxM2DCR8,35127289607
MxaL8X3fVr5K2nqx5Egwqn7Vcu42pSY8eETKv6WLHv3hanQLpJ8t6eLcyn9oqZfMpvUeC8rVp4tY5y9,35127610242
Up9JZPjGq7atMcFCP8dNpmKQXRmaE4qHo9QF7Myg8HLxRVqzAGX8KzSqmCthdYM6R3SBzfnRPEwJsN1,35127934210
Hg8TS6GwPfMCwWjrYEZ7rFJzV3kMKf3y4dAeF4JDdncy5oXYETx3Zby7CfjD9UN43hMSKYQ2okeW862,35128257511
vajABDhqo7ne9TQ6CFK4hAvzTEajuSgtM2xAfnMamWoFMGj6zopfbASrWjf3Duq7hDNFobr7GuF8zJ3,35128578812
FnBEtzfSJDqhm7JoCeru9MyNeWK7QmptToD6dUNrweYA4XBJmb5Va8FZL2NcV3aAyP74MJrSA7dxyT4,35128900113
UAxqSUgntmFVb79DJEQYSNDaBmWgGJUAEuqg4ZQbgmod2zyQ7u5ecQ2T5BXE8kBbgMTfQoA6ukevgu5,35129224081
J3jFRZqkdPEbn7CUoesrku8t3EuKQzwyrbV853zpKu2T7hJdaGBhbRyHYpkyT8NoxPKqVsm3Ca9FZ56,35129545382
QtJyPXanNHePzwoJU8xEXYqyBZdcqhyXZwgcNYnMjbvu27bpvZh8kwLsBthR8QPtfZUzKACMQnjtms7,35129869349
4C82bMuReLoE5TPLfBUHykZeuVJmERGyLX5SRUpD8VS6YXGsSM8EagVqzkoa5gPtT4JAzEdnDgcYuP8,35130191984
hxmMSctBkEY3DxshAEc78SV4jxdNbzYcVsmfzKGJfvpmjQx4XpvAjfRTsoQNXB9YrEGBYNTyvhN89T9,35130515951
KncuLVN4M5vegpM2Lr9acKurEZBND7V63uxdBX6DQAguVCSaDsKSAanHv3prgdUR5S6DeZEPqdf9E61,35130840586
4VLn6bGpVQdWsfNdZuVXhTFD67mJq4tEoHJn9zxXJj8UuJSeoPjUCEmeKDMhkfREXza4g9ZJfE9LwT2,35131162553
CpJyTFDXUnT6j8bCqvNoMUCP43hdmUXtje6WbuSAwDj4pdhgm7dBF9yVGjZMehuAQjWECFk5cMzJth3,35131486521
UB2pyWojpQ2VEePThnFGdfWhg3Hqk7B93cqEL35vYcysjXqmzLebTzgVQxua9SzWMCgNWtLUFArn9J4,35131811822
fzYahqB6Vv5EJUYcf3NLoDnxuR8foqQph5JjzSpKFMbapB9qgKuv8gbNjqRrYEpjZQ4pjgAzKWEQ9D5,35132133123
6dqBb69KA84qeWvQajZndKN89kCNBsZMJKsh7U4ejGzVxkYnV9uQsBz3vh9PpRSMmg3Ft9ko2JQPnw6,35132459090
TjENX4AfFaG6jUaCk8R6wfk9Km23koJv6FLExrgVepmCAUZhNnoeRfCcNMSHnev7JwXU8vRsj286KR7,35132782391
UWBeQYDszmZYrA4oN6FKQzXwrQLdRCArTHtb3S9RpGK2TQ7CUVJGKHcxJ2NhYr2JMA67xeHqcy9NKP8,35133105692
qWKAjTZcyYahmcYwGCAXfn9cm8KoCUbrPzj3bGZDhEC2WkaDMESzfBFraepuYPJRgNbhQFjaYhHkjM9,35133427660
GXZdrycLJ6bopU6SjHCMyteC6kqHS4FgYGuUvfstCSnwa4GcRgfAJW2uPvC2VGQMK7wkTb3PSCcN2u1,35133749628
hgQt48BucAakUn4STu2MgW59GcsuhLFmwjAbR9vzydwBSx7Yj5h9V3y42hBsYxU9ounaBU9WCj4qTe2,35134072262
LnmGDajnWGMxE8qTJMuH4PAf86TMhCrgvMN5LexoMvQ8mMXJThCtXFfbnxrJhKGjTucX7BQUPTs8rx3,35134394230
sHdCxYtgrFenkqpztAMSTsdVzMtpG9UJaFR7U8McgNtYoCT28xMaugbRLA2kGKdFkX4YB9xveu7M9r4,35134716198
PAf7KUsdDwMk7Fj5cGb8jvMmCQveELSVGngK5QpYVPwNxYLCs3QaRZtXHE78k4Em96XTLQhNgZYzkb5,35135040166
TCEDq4wvLrZXn4HMZQpYqDLsT95NVfkR2AgSBjYAgHz5fRBaUw8n3Udrw38V4vBGoNFzSDokVRwr3v6,35135361467
sno3GMwUEueBLNEhdJWUGq5PtJZqE9MUKHqJ9bT3AFvBbWRsThfa4CU82co4YpfyzD62UJ5ANqg3wX7,35135683435
fbuaHmWL8pmaQMTUz8YmaqVfvEFuMAJDEZ5TeJB6VPEhSqLDg2ZHzUtwFkC34vkSLGXAVyWpEaR7cY8,35136009402
BNVkAupHN4C8DabdRGh9pfkuKPTeJHrzqa9R8WeQwavYmo8vpVy4qAQCeWmEvVyMtBdAJMcZtExWgk9,35136332036
tcv2QeAm8B52JorajZ47RpMnZ6tL4e5C3mAcjrtZf9PVUuBaXwHqbxjPyhD2vGZ6Fvo79sKfuq7SEK1,35136654004
TxFWPpZwaNtHpg2yYP96vZwYezqHm7tXJh8BCraVSNtQjd8BxH3zL8fXTsxtpQAuf9zvrwonhqgyB22,35136977972
TcE3MKCkrE8mkYcQy89VLCfU8qvJr6EWVLGh7KHrsLCAJMS9D3YUGzpyD46RqfQCSHRmCFyoc2TxdJ3,35137299273
DqCPSR3fMvadfuF5JsayTdcZ8LeQZavnmzMx92XFKxn2BW7hrVZMNXgu2SrAm2uwqgS6RVpdzkYP7g4,35137619908
FVaYbpCGjqFg72NeRAZmEzg3qKcrCDApoVcN3PxqpQHf9sKF7HNBRkzj83oNCc6MN2BCGLxXZjWraT5,35137944542
eE6vnXuo5VKxaNokveSD5z7ZoBMQbVRr7gJhzGYLynh8Wvu5AfjP8W9ftMao4ygtQGaNpKeoGwE3po6,35138265843
UftGrhwjTXM8f6wAPFoUrQy2Ekzh4oEg9TWexmghnVwcgGL9EnhAGRd2CGrPpTo8NjSMngFqD4CYfc7,35138589144
hyAeg2qEA6hazY8pdxh4kr2A4ZhWbcfnBpyowFGfdRQEGPSFgj7Dz8AdnaHrhcCwysJAqbWGam64pH8,35138911112
43hD7y2oSbpYvrBUZh7Nz2dM7ZVEk8Tojkct24RWYQw8Usy4hQe5DAEz9YehqdWtMDLhkpzbmrPnqf9,35139233746
CruJokjY42dvwruZNGpnU8r3zDkXWs8ovmkhbKqL4Cu2RBf32DASj9LBSevwZC8xnhMCJRAr7BzfEj1,35139555047
qFfkutS8cYJLZGnr3cX7yzrwAJVhp7sEr4bMDUjtnA3xSzXJnmL32Pxuj7YTtLpfUYtPqDXFMr4L2e2,35139876349
9BVfwNbEoacXKZ4xMS7ao4MHduCG4jsaPUrzHtG7okP5qMT4EfFHYSbZ8t2u6EL7Dgzc9SraEsMpyW3,35140197650
NnstbpgqzWKtQkH6mVCkgwWz79qugM6hP2gNUFL6SbUGqCdkRjTvJZQ3vcSz6TKPLBsjrSQ2pPVCsQ4,35140519618
3Fd7JwEaSVhn4EWHK3eBuAhSC5GENKefYuaVREX6SWsn7j3M2yu5HEpyPqKWDLFdT5v3xGEbsLjZ7f5,35140840252
2VUukRqeazrv6NLpfcQ7a8BnypVtFZSJHdrzSMnYFa7ZTfeA43cQDaXTGvmUkBhgnaeUWBQngUfDNe6,35141162887
zsLfx4EDUgLskSndZY2qF9pgzMmeFzP4QcCZdtohWKwLTpU5zGoVyCzDnqkRh8dTRbGxjE5pNHsy3W7,35141486188
gRkQsjham9wxHWAXqc52hfVuM9GqTBKQJD97surAqLjSFf2HUJYbp8uPdfjbtGkyfpEWC5tMz2UucF8,35141808155
h83uxcEPrNJQhkuvZbdEpNPxGadBLJsErM9HUbqk7TsArpucToFh8wNMBDEZ3pDNcWufDSNxscTuFa9,35142129457
yD9HhAUFP4j3eyUnbgYsFHCQZKEt4C5nXjyq5pbBo8ncZs53JpShB8t63HzQVpPHSAnswEWDGdhzqQ1,35142450091
kNuVmYy4tCfmvSnwxKkm2e7dcp4naXBjDuHFTnscG3pQckvrupFnUQ36dMbWBEsgeq2JumSP9DHJtn2,35142772726
V7so2zZqNQpfoLa3N8APHNdj8B3VCrtoE93nzEo3FnCgL5tXPGcHK4yfx2M7w9aW3VUJKRjkdYU8ra3,35143094027
7VZmk2rtBgCvqHSomLhzjN7g2nvhzMFZU9ahyuBnkHmNw4WGqJY3BXHbEsN6KVJzEvZR6Qbkt8Ro3d4,35143418661
rgTmFtBwqZ8RbgMmjtG6v5fsUu6SpPwCf8XdQyUbSZEXQ5TjmfqwXZR2HS8CoeqtngVq6aLRCV24Bu5,35143740629
oLeyskmG2rLVZn5Xom75kQGW59dFgXb9zAC5PxzYacQWBr5hHdQLmXkoVCK5gnjcs6FVBuQ7dfNqK86,35144062597
LDR3hpCXanjdwPe6ny4SvKjgWNSrFJ5cW82QtAxqgosbR8jk2Rq4BdteVWUSsFGZQoq3xFmNezEFuh7,35144385898
fgCMqc6WePpaVQW9KBcT4sCKDpfnoZjxkutp3Z7TRKoHpR7zt6FZmy9CxZt2FndmUbtEJCD4ewrXv58,35144707865
zrLJ5qzxJ4gSyCcfRLo6W2uEfxFB76UQ5gVqnm6QdaP2cQoSLvxRJkT9C3kWewG9Hy4oQsp3afNDhz9,35145029833
rSBDHsgBS73X4EsDVQGB9cF6zmXQZLr3Ect9QDS2WTyS8WxJrStHVAkBwM5nCfqpA9PUWACtdnsx7d1,35145352468
gHbjvcH7zWNTwJm8WhxVSrY2pS7MysGYdPFcNuLYfWQT5cM9HPZLyuKpGLunHPxyY5feHwm7veBmWd2,35145675769
zk39Thd5wGjBo3DGadfhp9awPDJuyqtwfWyZmrBNkT3a4K2y5UWmaLDdPutVU4Fgtm8rHDv7NM6LxP3,35145999070
39vZ56nbULz8pcRYw4JhHvQkoN9HTafzcvhdqmx8eW7NxRt5fY4EU8z9JyRroTBtGMrs5GSVkYvxCW4,35146320371
Dm5gaed5hVzFTLVN4qECMmStjELGD4PjrFM3mrvJjQ7PRMZkHESZ29n5rvyXNwa2tdPBEWQCBpdbXo5,35146643672
98kxrbRLyw7vVbeXgrLjGA6Jy7kQMTfKwPyzCBvtyPjTRqhJF5pcA28po3u2A8fQvFnpVf6YyRuVzh6,35146968306
BFY2rvWzKXHB5t2sTgSj6duYtELkMTxUcy42HYDLtvd7X5cEZCBSQqFkVAGnkuzjwgFy9k5cFzJAxy7,35147288941
FLKSeDvsSfGRak8JoXjWPZbGyKz6kg9SBdjchDsuWfbcoBd2AWZbPzusLq46vr9HZFYpEU2kAs8cxp8,35147608909
PGjywnxtXWyjcVpkXcURFh2NHwts3N7zc3gJncj6r7BuZ3enwMRek7A8hdBApk3tWjwe753YhJfFxQ9,35147932210
F5p7bPe3fLE8h5Cba3pf5zSQWmMYzd2tPs4uyoae2rQU6cfrFNHtWQmZkyBGCTUtyBSmvbKpMj8XZR1,35148255511
2HYomeWnHZDkctqNAfMebNFTu7DKqoBhSP3npsNcYKMszr5fW8zMvRoCF3aL7dX3CKewjUx9BCD4jQ2,35148577478
nUpL8vAjzgvERaqxzfYsvnCMuPjJe9YSgnxL4QJ57BgsMumXEts4gBJuvAqCwdsx2m6gXdvuFTA9mM3,35148901446
u4pgnEvCJPW5Q9uCsBwecxgVQHw6zuBKwmR4A6EsFjvTAhfuUQR7yqkWUSeyMXGnrzBv7DZ4BNVqmB4,35149224080
cDUGBgqohaQXYFwa3DcNeAuRr5H9k4QNm5J2AmXTVHnJfGgPs8HVCjyTZrCpKud75aQpK3WnHGLRAa5,35149548048
KRF6SKT84nEsbGuJKnxcS7bkZrGHYRrd47g2nQ7rRPS4pAZHzwfr8HxVpybLdWXNhKRmSAhekqNTev6,35149870016
AhcKv5xqMwv24qGzJfgw8LXbkBJCudy64NanVkYFMvts4VZypzgcApMkfVFKCtBRy8pPcdhGbkLapg7,35150193317
mTX56VPBzGAePCcubqEWtkLV8WhEAJ2xygsVGq4soXWdD2YGa8c3sMh79XKAqQMprTGnAKoEMy25dJ8,35150516618
jL3U7oAJgXqfhnrGSYKEAw28SPweXrCdNMaeW2rCT7FsoEaerhUD6v4CszevVLSMtarGvDHpnJW9pH9,35150839919
KRobx8LwKPXGWsPT8HxMR3DPZjdeGrxBEgRms593ctgQZGqrA74Yk8NrSDfjEQorRqfES9kbqJXxZr1,35151161220
DNp7CDMUNqy6KbAvZYdnqkY9efPTcoyB8tPmTuDkKpSNJX7YNcXmQ7fg8E4MKGqa8wpKYL2mAPUNSF2,35151482521
WDPk9nZrvEVqJY9hkwKRPACkumBnTP2NgH6erxhE4bTyLckPvne5QEyPhX2xqHYycbmQDC48mfXwqM3,35151803822
SAv2pt67cTquYCcWs2VLgTtqCgV8hw4RsFgeJ7WFjB2GntMzqapkJ7MnvRJkVX7dcTXyNsxnJfamCS4,35152125124
eRHGSv4TWqNdPn4JZyAcrRweqLjs8yFDPLVgd54VrkJ43f92dxZzem8NsnrXYLEaw3VFhWjM4wojyG5,35152453091
kQy9qthRMKrAusebgF9JYPDQTEZDJxkw5hEuDU3Xoj9mLSMCtHKMAusWczJB4YH7wXBoFezZqTn4Hz6,35152775725
Ec4k5wVXj2NtVuKzoXUyPrcEqJVCzjrS5x6PV3JBYaw2vdpfb9ewB2W9x4ubTVtSeba6NmSeLwzRqM7,35153097026
pekzD5Qb7ZaHrsDeWUtTzqAmNFT9vwt3NjLWcR2XdEwjKyk6MtKCTBDWnxbC65TxRvHrQBpynHJMfv8,35153422327
dyjArKRJTGnWYVgJdu4Db3pKEVZ3zydCgFVTd9YJSZRj9suP7mJY5VuFQcRJUWwbxLpwhbdfvw6Hk49,35153744295
EPTF56XtVs63Q7DdGKgFbdGnmHZeWVL4AQ3e2w5aKthofy3csh9vJmxTQUt3WjqV7wmStKB9hFSf7B1,35154066929
vMGzoDMhgkrRX97L3FC2ZyuJ2PUN7w2rdNFJgZtMhUsWjB5Za4JP7XVrvy2Vkw5ZpLc7v6ebpmQadp2,35154388231
fW3rcyG2YWrgkuZSrXg7odYrhVG5QRJhCEaBsLWEXjw5RBdHwSuV3dA597HEh9WfUXjeAK3Q4kvRTm3,35154709532
HdzwrMhgR3WGQdP65JogSRjbm83NnKWD9krLpUvy3NHwuAZWzxbPjLhMPjodrADQ4ftKXxpEJwrmgf4,35155030833
QV5xYZH9tLXjZwrtfyGnEa5FZg8BGXWEPzcYuyaLnRet9A3BrQJyXdTsh3uJDRLrb3CaWRM4xnkqag5,35155353467
AZ2NoQzWJpL7BhATpRg98Q43e6jzsCHVpJnY7Zbke3uKUf2PnRAJ9FB8VHUReanCkA26VQxdEesg9D6,35155674769
NaC8VjHcamRHTAbGsfATB5tUCm6oPwJQ7S9kEQZtbJ9qncXkybDBLfSnT8MxG2WscfCFRz3KtoZHSR7,35155999403
8rM5FcSa7bgn63yQuKzhWVwLTh93y4ghZobm9PfosM5P2xKWHaEmVZtvHaDmoFXcKxHk6zqD8YFqKs8,35156320037
uFdNDPrz2eKbCEGfHYoVP8zHuoWXBCQVJ394Y6FSTEuXo8z27SfWNwQbZ36zc5G4MHnQ9s7ouWXA4f9,35156642005
t85FsgZ9CJycmzRtvsNrTwGQHe9EYdB6vtKH9FYzApFHLeRmSWZ62o7MgUjhG3qpJuUHzTGAH6Xd9H1,35156963973
znZTNQUJLgfZG8Pey76zKeGy2fBDVbqRQja3ZfHjU4AB3aHoBm69b4LYXxHWdK7ar9NpXDFZskLNxy2,35157290607
jqZTztRwXCdmYuEJ6jU4McQ8feR2r8khLgqEzFZMRVhcB7eRPdsWNJVUP95pZa6zEATy4rWLYCdTVq3,35157611908
WDbKc5evbaRL25nCL3esaUkBAQ7Rtqj8sE2pkxDbcZLU9vATZz8QBcZKbpgertMHyuDeRZ5X3GkyqQ4,35157933876
RaQsAbDYgeJQts9MJA6wZD3HWxVvZWNQd8LqvWeAHBoyX3zcFKVoGT7h5CsKX93UdPuweXnZvBYD985,35158255177
eSTM3kXpPGzUvtBdoJHC8sf52F4ge6DwpFqa32FhYgTn6RWhVyxbUjq7tSuqk4Q9LnVFCuSBchLMR56,35158577145
f57kP9MvFcJjV3wnCouBfekv9uYcqxNuoTBA82QGhkrquhKneYa9rMNAqfwUFGJTBovZ69yEXzSCor7,35158897780
MUTwuzhjvQmcPH9XYsdA3HyBNtqwZu69szB5MyKse5XkKDR49WrTZp5ysWBjxKrpQZHVdeJURpm4nP8,35159219081
qZ4YPpSLFEdbJXVNsUt5ZcNXCtBMdTVK5tTZkH7PYBqLGR4Tudc7K2mgHE39Jwcm4Stk7pAafL5cuU9,35159540382
k9jpavHh9kyKfBgXHxpvkKrwxceopqEXuhYKNTByvtuAHecY9xwoFgraRv28Qc4SfbZ7nXKxvyA2Yr1,35159866349
S9Gpz4ZRM283aDhSzcdqFfvko82QgzBjGh8JxCXFKNpdsWRrB6N9McUD6hBoA6SU3EZdwXe3aF5kJ92,35160188317
EWHextybgHhEsMYdnzNycTCN7SVZCyL26Mejkt8nzXUV4fFeHmNfoCckvgGHFt32QM9DcQN9EqzDuP3,35160511618
5MjnZgcGA8ZfrSjcfoTGb2HWAfhCwtsv2NLfTzpe6QyqRwYNUaHCDNn38ZTQPnpcGDJSwokemnfTPv4,35160834253
jZTUtvHbFk7qnAQLBwqVDBmvf6ZaqTnLvty5Tq8kDrz7e3mWVSaEeYrgMzsBYRUd3KVFstAUvxBCwE5,35161156220
ALGcNaurzQjpZecKAbBLUWheE6tLx56CRHXzotHXQcJV4QzCV4xzu5sVRBfCUomJXEUVr3wEZKqXUu6,35161480188
4JbRn56XzG2NHesu2ReqoJhBv2egKjnLRvubrFYZUCM6zu4aZxFD5tjaevZXMQcq6WuRDvyGRTVE5F7,35161802822
uvfWN2AQjp8CGvtP5YJKWBRrwkmNVjpyRbd6TsetYwLJHNMVmyAra6YtQoZYn59AJupRw6L4ZvhzHj8,35162124124
Qmej7XVCuqpSPUu2LH8cgEx4BJyGE2JBZCumfGQ4oEAqkFzLwkuJWLMzjkaWLsbvEMD5grnK7HJPGc9,35162446758
B7Pxo4YNZpgbR4SN25YB6nF7z9YDmbGoVNdHLwze3J7bDz5XLEtUHzx59KWDEhw6pjtkLa6AXGVMHP1,35162768726
C5Q4VwUQqHyEYp6XCUnbcgojMzZxo7Nyxe3qvbZcweS52ksK8wkxhWTJ74bs5AQ4vmkhN9qCWpUPrn2,35163092027
wZNA7eEbSxeAnvW5kr6VhPXx3UPoxrMc6evP7QKStr8CQ9utgsUNKzMDLxdGTMJz2HWuptLQeqyEP43,35163412661
aEJrU6C3DUVxnXv4YHmWwE9H8pKWPGk5Y63G9HfMT3kYya2SC6pGRrXVFBtpvqn7taYqep4RkZD4cj4,35163735962
fw2TbcnrhfA8X2anPopXCKwWBXfzoc2frN4WTdRwrH8p53s9Zoy5dmD6RvCEpdQKAf5JXkUCyrGew25,35164058597
xCmwtPyZCaUAoDSLsbJpfUjPJh5xQn3cZvqz3sDjp9fecvEZWcjokL32FzwpTLS7uTzbcjrsqwDdtK6,35164382564
w9zGFoAz3cyM2RcHovPZmsFD4cLEGkmYfLbypzFjRoXyeYT6z7KRtCLxu2sjcqFBS8GYTCabqD7wvL7,35164705865
JqgV5swcCUxY5WyTSn2zfgGyRWNB9jG36ULSednW8PBg2rGcdg3SJ9PEaWQAVNS5ZeG9HWNKj3wtdZ8,35165031833
geCNSt6FzDHWVnAtL7RmVdZeD8VSr67JcyLDdZBHDP2y7DgHdLAmsNuftxJGLN2wxpHuwMUVRJcNYx9,35165353801
Rq5nvJ7qDCJdKXz2FDHnMg6JcxU4QJAfP3DtpT76SFUCgybhDH8cTpHVJw9cf5ev8WXcT4x9NKXcRW1,35165675768
